id,url,text,rating,time_created,user,business_id
8vxcG-frKT45XxKDdyRTjQ,https://www.yelp.com/biz/trestle-astoria?adjust_creative=A57LwVZ5W7txZHbVlG9Tnw&hrid=8vxcG-frKT45XxKDdyRTjQ&utm_campaign=yelp_api_v3&utm_medium=api_v3_business_reviews&utm_source=A57LwVZ5W7txZHbVlG9Tnw,This was my first time here at Trestle with my friend and the ambiance was amazing. Joel the bartender was awesome and very attentive. The vibe and music...,5,2022-07-08 21:55:51,"{'id': 'wARPT6TBllO2szkkhhjufA', 'profile_url': 'https://www.yelp.com/user_details?userid=wARPT6TBllO2szkkhhjufA', 'image_url': None, 'name': 'Raysa R.'}",W0sXHSSpkiMEDJiBmSLNYQ
gaOle31H1e3GL0Kpyf6Yaw,https://www.yelp.com/biz/trestle-astoria?adjust_creative=A57LwVZ5W7txZHbVlG9Tnw&hrid=gaOle31H1e3GL0Kpyf6Yaw&utm_campaign=yelp_api_v3&utm_medium=api_v3_business_reviews&utm_source=A57LwVZ5W7txZHbVlG9Tnw,Nice vibes in here. I came on a humble. Alone ready to try it out! Place was packed. I had a seat at the bar in front of all the tv's watching the NY...,5,2022-07-24 04:35:49,"{'id': 'QuWYxm3ij1Qsa9mUH371Xw', 'profile_url': 'https://www.yelp.com/user_details?userid=QuWYxm3ij1Qsa9mUH371Xw', 'image_url': 'https://s3-media1.fl.yelpcdn.com/photo/dpnEsvnW8XmKW2Tn-twy6w/o.jpg', 'name': 'Sacheen V.'}",W0sXHSSpkiMEDJiBmSLNYQ
vwHOl0_1T7EXZV1tDpa_uQ,https://www.yelp.com/biz/trestle-astoria?adjust_creative=A57LwVZ5W7txZHbVlG9Tnw&hrid=vwHOl0_1T7EXZV1tDpa_uQ&utm_campaign=yelp_api_v3&utm_medium=api_v3_business_reviews&utm_source=A57LwVZ5W7txZHbVlG9Tnw,"Food was good and the seat booth was solid seating choice. Which surprisingly is somehow hard to come by nowadays.

Got the loader poppers. It was poppin,...",4,2022-07-23 18:08:53,"{'id': 'PewlvbzvPSzVj2WnVZ7s4w', 'profile_url': 'https://www.yelp.com/user_details?userid=PewlvbzvPSzVj2WnVZ7s4w', 'image_url': 'https://s3-media3.fl.yelpcdn.com/photo/m4Ki6Ps5r-9heSgNQbQj8g/o.jpg', 'name': 'Kai J.'}",W0sXHSSpkiMEDJiBmSLNYQ
0-TtFH40vsPthH7Css5lfg,https://www.yelp.com/biz/the-shady-lady-astoria?adjust_creative=A57LwVZ5W7txZHbVlG9Tnw&hrid=0-TtFH40vsPthH7Css5lfg&utm_campaign=yelp_api_v3&utm_medium=api_v3_business_reviews&utm_source=A57LwVZ5W7txZHbVlG9Tnw,"I walked in without a reservation on 1:30 pm in the middle of an afternoon and was able to get a table.  My friend had her birthday two weeks ago, and we've...",5,2022-06-18 05:51:34,"{'id': 'FmLwFMr885MIFgcHk631Cg', 'profile_url': 'https://www.yelp.com/user_details?userid=FmLwFMr885MIFgcHk631Cg', 'image_url': 'https://s3-media2.fl.yelpcdn.com/photo/8PafNFh366P9bcQWP65lWg/o.jpg', 'name': 'Polly H.'}",_HBpi2PIG8Zxz01Pr41MIw
Nlb6aW0RlggxXoW-Jt4KEw,https://www.yelp.com/biz/the-shady-lady-astoria?adjust_creative=A57LwVZ5W7txZHbVlG9Tnw&hrid=Nlb6aW0RlggxXoW-Jt4KEw&utm_campaign=yelp_api_v3&utm_medium=api_v3_business_reviews&utm_source=A57LwVZ5W7txZHbVlG9Tnw,"I had a good time here during happy hour. $7 margaritas! Get the watermelon one please!
I have the truffle and shrooms Mac and cheese for apps and the shady...",5,2022-06-09 07:30:13,"{'id': 'sBjpUbgILjlck5BD-flF9Q', 'profile_url': 'https://www.yelp.com/user_details?userid=sBjpUbgILjlck5BD-flF9Q', 'image_url': 'https://s3-media2.fl.yelpcdn.com/photo/ri3-fGpPUc6Un-CLzqRnxw/o.jpg', 'name': 'Angela L.'}",_HBpi2PIG8Zxz01Pr41MIw
ZpYv2AQFhnYFs4kEBGcqYg,https://www.yelp.com/biz/the-shady-lady-astoria?adjust_creative=A57LwVZ5W7txZHbVlG9Tnw&hrid=ZpYv2AQFhnYFs4kEBGcqYg&utm_campaign=yelp_api_v3&utm_medium=api_v3_business_reviews&utm_source=A57LwVZ5W7txZHbVlG9Tnw,"All the great makings of a brunch spot!

- Multiple drinks included with entree (alcoholic AND tea/coffee). 

- Yummy food (loved my biscuit w gravy and...",5,2022-06-05 09:43:23,"{'id': 'giQSReOdlfwPd9dND2FvDg', 'profile_url': 'https://www.yelp.com/user_details?userid=giQSReOdlfwPd9dND2FvDg', 'image_url': 'https://s3-media2.fl.yelpcdn.com/photo/D_lL3q_tGU7pOiCiqyQjxg/o.jpg', 'name': 'Giovanna D.'}",_HBpi2PIG8Zxz01Pr41MIw
d4jIBM7x_rcmRYm6kXZIYg,https://www.yelp.com/biz/carla-long-island-city?adjust_creative=A57LwVZ5W7txZHbVlG9Tnw&hrid=d4jIBM7x_rcmRYm6kXZIYg&utm_campaign=yelp_api_v3&utm_medium=api_v3_business_reviews&utm_source=A57LwVZ5W7txZHbVlG9Tnw,"Fresh looking bar. Let's go hang out for the good vybez and I'll grab a mocktail or something. 

But wait they have - Food.

Snacks?

Vietnamese food....",5,2022-07-21 11:42:41,"{'id': 'UtVzbmtcesePy8AT4ptkrg', 'profile_url': 'https://www.yelp.com/user_details?userid=UtVzbmtcesePy8AT4ptkrg', 'image_url': 'https://s3-media4.fl.yelpcdn.com/photo/dMMqUDNbq0Taso91vQ-3Gg/o.jpg', 'name': 'Moe M.'}",uQ0kF3fiJFDm0oDVRaMBkw
QU_j5AiEe5EcXO5co9dgXw,https://www.yelp.com/biz/carla-long-island-city?adjust_creative=A57LwVZ5W7txZHbVlG9Tnw&hrid=QU_j5AiEe5EcXO5co9dgXw&utm_campaign=yelp_api_v3&utm_medium=api_v3_business_reviews&utm_source=A57LwVZ5W7txZHbVlG9Tnw,"As soon as I made my reservation, the restaurant confirmed a table for four by email. We arrived and were told that no table was available. They offered...",1,2022-07-20 10:46:15,"{'id': '3x33O9gSFyx4Yj8Surff-Q', 'profile_url': 'https://www.yelp.com/user_details?userid=3x33O9gSFyx4Yj8Surff-Q', 'image_url': 'https://s3-media1.fl.yelpcdn.com/photo/BK5vIyUvs0SzvAw4HMUO0g/o.jpg', 'name': 'Sass P.'}",uQ0kF3fiJFDm0oDVRaMBkw
WpWf-7Xgxpy4O-G2RFwxEQ,https://www.yelp.com/biz/carla-long-island-city?adjust_creative=A57LwVZ5W7txZHbVlG9Tnw&hrid=WpWf-7Xgxpy4O-G2RFwxEQ&utm_campaign=yelp_api_v3&utm_medium=api_v3_business_reviews&utm_source=A57LwVZ5W7txZHbVlG9Tnw,I had Carla's for dinner after seeing all the great reviews that it has. The vibes were great. Decor and music is super trendy. This is a smalllll space....,4,2022-07-09 09:28:52,"{'id': '44mA3yz4gv3MRvtDYx29Kg', 'profile_url': 'https://www.yelp.com/user_details?userid=44mA3yz4gv3MRvtDYx29Kg', 'image_url': 'https://s3-media3.fl.yelpcdn.com/photo/8RKOSBOGkaUuPJ2V_418-Q/o.jpg', 'name': 'Kate W.'}",uQ0kF3fiJFDm0oDVRaMBkw
aFQK3wlInpxHGhLOLSwHLA,https://www.yelp.com/biz/the-highwater-astoria?adjust_creative=A57LwVZ5W7txZHbVlG9Tnw&hrid=aFQK3wlInpxHGhLOLSwHLA&utm_campaign=yelp_api_v3&utm_medium=api_v3_business_reviews&utm_source=A57LwVZ5W7txZHbVlG9Tnw,"Last night was our first time at this restaurant. We sat outside and had a lovely meal. We will definitely return. Special shout out to our adorable waiter,...",4,2022-06-25 10:49:30,"{'id': 'S0XAuRNnhcGag_R3VcRj6g', 'profile_url': 'https://www.yelp.com/user_details?userid=S0XAuRNnhcGag_R3VcRj6g', 'image_url': None, 'name': 'Joel N.'}",k5bGHJbAXDw9g_uP42QqDw
hZv6qFJSwYz1lpTPwveN1w,https://www.yelp.com/biz/the-highwater-astoria?adjust_creative=A57LwVZ5W7txZHbVlG9Tnw&hrid=hZv6qFJSwYz1lpTPwveN1w&utm_campaign=yelp_api_v3&utm_medium=api_v3_business_reviews&utm_source=A57LwVZ5W7txZHbVlG9Tnw,"I cant get enough of this place. Any spot that has Spam Musubi is a WIN in my book. 

I used to live a little closer to this spot so it would be my go-to...",5,2022-04-28 08:53:15,"{'id': 'nUuLNRwOpCwqWBGgWRVFdA', 'profile_url': 'https://www.yelp.com/user_details?userid=nUuLNRwOpCwqWBGgWRVFdA', 'image_url': 'https://s3-media2.fl.yelpcdn.com/photo/ZQ3fLn8sJDwlO1WKu9HEXg/o.jpg', 'name': 'Phoebe K.'}",k5bGHJbAXDw9g_uP42QqDw
cAU7_FnrJR6wMXjIKhP-xQ,https://www.yelp.com/biz/the-highwater-astoria?adjust_creative=A57LwVZ5W7txZHbVlG9Tnw&hrid=cAU7_FnrJR6wMXjIKhP-xQ&utm_campaign=yelp_api_v3&utm_medium=api_v3_business_reviews&utm_source=A57LwVZ5W7txZHbVlG9Tnw,I went last night with my boyfriend to have a drink a eat something. We moved recently to the neighborhood and wanted to try this place since we have passed...,2,2022-06-23 11:45:31,"{'id': 'R-3J9B0CYk-mh5WkrZK2TA', 'profile_url': 'https://www.yelp.com/user_details?userid=R-3J9B0CYk-mh5WkrZK2TA', 'image_url': 'https://s3-media4.fl.yelpcdn.com/photo/-s9IxA7rCjyLrVLkN1wEew/o.jpg', 'name': 'Mafe A.'}",k5bGHJbAXDw9g_uP42QqDw
Mq9ZmLuJhrd33bGW-Yyrag,https://www.yelp.com/biz/arcadia-bar-and-kitchen-astoria?adjust_creative=A57LwVZ5W7txZHbVlG9Tnw&hrid=Mq9ZmLuJhrd33bGW-Yyrag&utm_campaign=yelp_api_v3&utm_medium=api_v3_business_reviews&utm_source=A57LwVZ5W7txZHbVlG9Tnw,"This place has been on my list for years. Finally made it inside and have now questioned why it took so long.

As I sat down at the bar, I was quickly...",5,2022-06-12 11:50:06,"{'id': '9mCfxqUTTKwC6NSMPxNjzQ', 'profile_url': 'https://www.yelp.com/user_details?userid=9mCfxqUTTKwC6NSMPxNjzQ', 'image_url': 'https://s3-media1.fl.yelpcdn.com/photo/EbG7FwWvD7g_b2YnVHfBSA/o.jpg', 'name': 'Daniel M.'}",CpZ5fw9rxHOdLmdtW1Qdbw
G61lQSPRXNv__AlrKVja8g,https://www.yelp.com/biz/arcadia-bar-and-kitchen-astoria?adjust_creative=A57LwVZ5W7txZHbVlG9Tnw&hrid=G61lQSPRXNv__AlrKVja8g&utm_campaign=yelp_api_v3&utm_medium=api_v3_business_reviews&utm_source=A57LwVZ5W7txZHbVlG9Tnw,"I have kept Arcadia Bar on my must try bucket list and finally was able to go!!! 
Reading other reviews they seem as if they are AMAZING with brunch as well...",3,2022-02-06 14:39:22,"{'id': 'L37Pz3DN-GgfzbCz-sCprg', 'profile_url': 'https://www.yelp.com/user_details?userid=L37Pz3DN-GgfzbCz-sCprg', 'image_url': 'https://s3-media4.fl.yelpcdn.com/photo/bztVuhYukTcBoGJxke-f6A/o.jpg', 'name': 'Ashley R.'}",CpZ5fw9rxHOdLmdtW1Qdbw
5lipWWEnHOMyWI9IozyYBg,https://www.yelp.com/biz/arcadia-bar-and-kitchen-astoria?adjust_creative=A57LwVZ5W7txZHbVlG9Tnw&hrid=5lipWWEnHOMyWI9IozyYBg&utm_campaign=yelp_api_v3&utm_medium=api_v3_business_reviews&utm_source=A57LwVZ5W7txZHbVlG9Tnw,"Such a pretty restaurant, with such nice Christmas decor. The food was so good. The shrimp tacos were amazing (minus the fried onions but that's because I...",5,2021-12-17 20:21:53,"{'id': 'GllXLZ-T3h8gszNEBlKz2A', 'profile_url': 'https://www.yelp.com/user_details?userid=GllXLZ-T3h8gszNEBlKz2A', 'image_url': 'https://s3-media3.fl.yelpcdn.com/photo/QZsG_7PRW4clPnBfWwdDng/o.jpg', 'name': 'Sha S.'}",CpZ5fw9rxHOdLmdtW1Qdbw
6lxquD7232jpG7Q34ZpJ-w,https://www.yelp.com/biz/sweet-afton-astoria?adjust_creative=A57LwVZ5W7txZHbVlG9Tnw&hrid=6lxquD7232jpG7Q34ZpJ-w&utm_campaign=yelp_api_v3&utm_medium=api_v3_business_reviews&utm_source=A57LwVZ5W7txZHbVlG9Tnw,THIS PLACE IS IT!! My friends live in the area and suggested going here because they enjoy the drinks so much. It was my first time here but their first...,4,2022-05-15 10:04:03,"{'id': 'h8heJ6rmOEDyQAA6t7mGYQ', 'profile_url': 'https://www.yelp.com/user_details?userid=h8heJ6rmOEDyQAA6t7mGYQ', 'image_url': 'https://s3-media2.fl.yelpcdn.com/photo/9b5m74Y8FPnhQaQiRaDcng/o.jpg', 'name': 'Amanda D.'}",zgW7g4RWssKfjdlSE8fZvg
qlC1GiE4Tg7bUy5gG_uY5Q,https://www.yelp.com/biz/sweet-afton-astoria?adjust_creative=A57LwVZ5W7txZHbVlG9Tnw&hrid=qlC1GiE4Tg7bUy5gG_uY5Q&utm_campaign=yelp_api_v3&utm_medium=api_v3_business_reviews&utm_source=A57LwVZ5W7txZHbVlG9Tnw,I was recently able to check out Sweet Afton after many failed attempts. I really wanted to like this place. It seems they had updated their hours and menu...,2,2022-02-26 19:31:26,"{'id': 'fkzDDUW5TYHhnX_lCtkhOw', 'profile_url': 'https://www.yelp.com/user_details?userid=fkzDDUW5TYHhnX_lCtkhOw', 'image_url': 'https://s3-media4.fl.yelpcdn.com/photo/Rv2s3h9C1wu5ypoyTKCzqg/o.jpg', 'name': 'Mardory V.'}",zgW7g4RWssKfjdlSE8fZvg
d-tsVLeRP847f9yyPRX5ag,https://www.yelp.com/biz/sweet-afton-astoria?adjust_creative=A57LwVZ5W7txZHbVlG9Tnw&hrid=d-tsVLeRP847f9yyPRX5ag&utm_campaign=yelp_api_v3&utm_medium=api_v3_business_reviews&utm_source=A57LwVZ5W7txZHbVlG9Tnw,"Wanted to celebrate my brothers birthday here, since we love the ambiance, originally we were 17 guest but do the the snow storm we went down to 10. Yes! I...",5,2022-01-30 06:24:06,"{'id': '2luswTUSVuEnbUpbs6JRfA', 'profile_url': 'https://www.yelp.com/user_details?userid=2luswTUSVuEnbUpbs6JRfA', 'image_url': 'https://s3-media3.fl.yelpcdn.com/photo/r61Jzprnx-qMPYSWFZLDnQ/o.jpg', 'name': 'Roxana G.'}",zgW7g4RWssKfjdlSE8fZvg
35IZTuo9rZZQNotbY_xhwQ,https://www.yelp.com/biz/the-bonnie-astoria?adjust_creative=A57LwVZ5W7txZHbVlG9Tnw&hrid=35IZTuo9rZZQNotbY_xhwQ&utm_campaign=yelp_api_v3&utm_medium=api_v3_business_reviews&utm_source=A57LwVZ5W7txZHbVlG9Tnw,"I expected The Bonnie to be nothing more than a good cocktail bar, but the food and space were impressive. As I walked past the indoor space out into the...",5,2022-05-10 11:53:22,"{'id': 'VLTBPUrbNRR-f84h-altQw', 'profile_url': 'https://www.yelp.com/user_details?userid=VLTBPUrbNRR-f84h-altQw', 'image_url': 'https://s3-media2.fl.yelpcdn.com/photo/3iOhDsXSJKq2D0SQNYzMug/o.jpg', 'name': 'Morlene C.'}",rrsjcQVLg2PkIkO_vPjOLw
9ke7o0syweR-CndGiVfc2Q,https://www.yelp.com/biz/the-bonnie-astoria?adjust_creative=A57LwVZ5W7txZHbVlG9Tnw&hrid=9ke7o0syweR-CndGiVfc2Q&utm_campaign=yelp_api_v3&utm_medium=api_v3_business_reviews&utm_source=A57LwVZ5W7txZHbVlG9Tnw,"Came here a couple of times. Their Virgin Top Bar Ginger Drink is great, just ask them to go easy on the sugar. And the Mac and Cheese has Gruyère Cheese,...",4,2022-07-17 18:13:10,"{'id': 'sKI_a1gUPVsN_EpKDwrjQg', 'profile_url': 'https://www.yelp.com/user_details?userid=sKI_a1gUPVsN_EpKDwrjQg', 'image_url': 'https://s3-media2.fl.yelpcdn.com/photo/UmPml1KVeLJ5-6dycNyQZg/o.jpg', 'name': 'Sarika K.'}",rrsjcQVLg2PkIkO_vPjOLw
zEgfPnrho8wytU0dsjMRMg,https://www.yelp.com/biz/the-bonnie-astoria?adjust_creative=A57LwVZ5W7txZHbVlG9Tnw&hrid=zEgfPnrho8wytU0dsjMRMg&utm_campaign=yelp_api_v3&utm_medium=api_v3_business_reviews&utm_source=A57LwVZ5W7txZHbVlG9Tnw,I've heard about the Bonnie multiple times and stopped in on a Sunday afternoon for brunch without a reservation. The host initially seated us in the back...,5,2022-05-04 07:02:52,"{'id': 'GbbyDilR4_Agmumpg0bOnA', 'profile_url': 'https://www.yelp.com/user_details?userid=GbbyDilR4_Agmumpg0bOnA', 'image_url': 'https://s3-media3.fl.yelpcdn.com/photo/a1fFvD8VGZx_jVWpDor5WQ/o.jpg', 'name': 'Izabela B.'}",rrsjcQVLg2PkIkO_vPjOLw
QdNBB-NDzBkT4Da2mqFNaQ,https://www.yelp.com/biz/sanfords-astoria-astoria?adjust_creative=A57LwVZ5W7txZHbVlG9Tnw&hrid=QdNBB-NDzBkT4Da2mqFNaQ&utm_campaign=yelp_api_v3&utm_medium=api_v3_business_reviews&utm_source=A57LwVZ5W7txZHbVlG9Tnw,My brother and I were looking for some late night eats after a long drive from seeing a concert upstate. We both have been here before for brunch and...,5,2022-07-23 14:17:54,"{'id': 'OIYvutiJWoecJdOm4nS5Ag', 'profile_url': 'https://www.yelp.com/user_details?userid=OIYvutiJWoecJdOm4nS5Ag', 'image_url': 'https://s3-media3.fl.yelpcdn.com/photo/8K1XifmGP9pPrgrswubUGw/o.jpg', 'name': 'Marie G.'}",AawLwOYZwMf_9wkShExfuw
OxDtkLARYc2b6aWbSVZNVg,https://www.yelp.com/biz/sanfords-astoria-astoria?adjust_creative=A57LwVZ5W7txZHbVlG9Tnw&hrid=OxDtkLARYc2b6aWbSVZNVg&utm_campaign=yelp_api_v3&utm_medium=api_v3_business_reviews&utm_source=A57LwVZ5W7txZHbVlG9Tnw,"Time to update the review.  I can't believe the last time I wrote was 4 years ago.

Ali is now one of managers and runs the bar.  Well deserved and I told...",5,2022-07-22 00:38:40,"{'id': 'R4T_7PLDWXszscVNMSN3aw', 'profile_url': 'https://www.yelp.com/user_details?userid=R4T_7PLDWXszscVNMSN3aw', 'image_url': 'https://s3-media2.fl.yelpcdn.com/photo/15LI0BWMY5rgG5BXWSXfSw/o.jpg', 'name': 'Nick S.'}",AawLwOYZwMf_9wkShExfuw
ZuH20jBlAjseKcEkf-JhKA,https://www.yelp.com/biz/sanfords-astoria-astoria?adjust_creative=A57LwVZ5W7txZHbVlG9Tnw&hrid=ZuH20jBlAjseKcEkf-JhKA&utm_campaign=yelp_api_v3&utm_medium=api_v3_business_reviews&utm_source=A57LwVZ5W7txZHbVlG9Tnw,"my cousin recommended this spot to me. its a little far from me so idk if its worth going back but i did enjoy my meal (& our server was a sweetheart!)

-...",3,2022-07-16 21:55:29,"{'id': 'MEYoH8ChzmtYVrZRT6dRqA', 'profile_url': 'https://www.yelp.com/user_details?userid=MEYoH8ChzmtYVrZRT6dRqA', 'image_url': 'https://s3-media2.fl.yelpcdn.com/photo/GlmlS8bPqE3KN-ymd4Csew/o.jpg', 'name': 'Ruby B.'}",AawLwOYZwMf_9wkShExfuw
XLLZaF7Osak1a9iBw0ua-Q,https://www.yelp.com/biz/halseys-astoria?adjust_creative=A57LwVZ5W7txZHbVlG9Tnw&hrid=XLLZaF7Osak1a9iBw0ua-Q&utm_campaign=yelp_api_v3&utm_medium=api_v3_business_reviews&utm_source=A57LwVZ5W7txZHbVlG9Tnw,"This bar has a great happy hour and fun trivia nights! The food is good, the drinks are good, and it has a great atmosphere!",5,2022-06-01 10:50:01,"{'id': 'GBt6g1rALQpzBgDy_6cNaw', 'profile_url': 'https://www.yelp.com/user_details?userid=GBt6g1rALQpzBgDy_6cNaw', 'image_url': None, 'name': 'Melody R.'}",5ZWX85Le2vNrtAw5s9lHdQ
WvPvHB53jLjTLTpfJSfpug,https://www.yelp.com/biz/halseys-astoria?adjust_creative=A57LwVZ5W7txZHbVlG9Tnw&hrid=WvPvHB53jLjTLTpfJSfpug&utm_campaign=yelp_api_v3&utm_medium=api_v3_business_reviews&utm_source=A57LwVZ5W7txZHbVlG9Tnw,"Came for trivia and some vittles. We sat inside and it filled up both outside and in. Trivia was fun, one person plays for the table from their phone. There...",4,2022-05-27 14:29:33,"{'id': 'rnbtjrCgKS3-T7n0mrrBqg', 'profile_url': 'https://www.yelp.com/user_details?userid=rnbtjrCgKS3-T7n0mrrBqg', 'image_url': 'https://s3-media2.fl.yelpcdn.com/photo/4kPNDEDui7vKEcZ-GF1ddw/o.jpg', 'name': 'Christina V.'}",5ZWX85Le2vNrtAw5s9lHdQ
fug6HV5gLqZ79OFC8s6oKw,https://www.yelp.com/biz/halseys-astoria?adjust_creative=A57LwVZ5W7txZHbVlG9Tnw&hrid=fug6HV5gLqZ79OFC8s6oKw&utm_campaign=yelp_api_v3&utm_medium=api_v3_business_reviews&utm_source=A57LwVZ5W7txZHbVlG9Tnw,"Came on a Saturday for brunch, and on a day  where the weather was really  nice.  Maybe not the best time to come to such a place, and as someone who...",4,2022-05-01 16:47:29,"{'id': '6poG8gk6msYb8pcOkB2dqQ', 'profile_url': 'https://www.yelp.com/user_details?userid=6poG8gk6msYb8pcOkB2dqQ', 'image_url': 'https://s3-media4.fl.yelpcdn.com/photo/WSIx6zYTort0n6MnLmzgHw/o.jpg', 'name': 'Lisa e.'}",5ZWX85Le2vNrtAw5s9lHdQ
Wp2zlgCZWtx4FiyEvqrN3g,https://www.yelp.com/biz/piatto-long-island-city?adjust_creative=A57LwVZ5W7txZHbVlG9Tnw&hrid=Wp2zlgCZWtx4FiyEvqrN3g&utm_campaign=yelp_api_v3&utm_medium=api_v3_business_reviews&utm_source=A57LwVZ5W7txZHbVlG9Tnw,"This is a great restaurant! 
Food: Good! 
Drinks: Juan is great at all the drinks! Couldn't be better. 
All the staff at this restaurant are friendly and...",5,2022-06-16 04:38:59,"{'id': 'Gz98b2q5B8cExJUr4TB4jQ', 'profile_url': 'https://www.yelp.com/user_details?userid=Gz98b2q5B8cExJUr4TB4jQ', 'image_url': 'https://s3-media3.fl.yelpcdn.com/photo/grDftKf-evUwSyoKJbX-Jw/o.jpg', 'name': 'Shiv B.'}",H5bhfR5sL0I2w1csjI1uMA
aYn1QL49nlgJvVN7eHPrfw,https://www.yelp.com/biz/piatto-long-island-city?adjust_creative=A57LwVZ5W7txZHbVlG9Tnw&hrid=aYn1QL49nlgJvVN7eHPrfw&utm_campaign=yelp_api_v3&utm_medium=api_v3_business_reviews&utm_source=A57LwVZ5W7txZHbVlG9Tnw,"First time eating / visiting.  We were greeted by the bartender, who legitimately mixed up some of the most incredible cocktails I've ever had.  Smooth, not...",5,2022-06-08 05:56:40,"{'id': 'yfSGDffWrfAOx4KeSwtQew', 'profile_url': 'https://www.yelp.com/user_details?userid=yfSGDffWrfAOx4KeSwtQew', 'image_url': 'https://s3-media3.fl.yelpcdn.com/photo/hJTIqNl5B45vzTv7xmrfuw/o.jpg', 'name': 'Steve C.'}",H5bhfR5sL0I2w1csjI1uMA
sdbttz4Fq8ICMd-SF_djKg,https://www.yelp.com/biz/piatto-long-island-city?adjust_creative=A57LwVZ5W7txZHbVlG9Tnw&hrid=sdbttz4Fq8ICMd-SF_djKg&utm_campaign=yelp_api_v3&utm_medium=api_v3_business_reviews&utm_source=A57LwVZ5W7txZHbVlG9Tnw,"Food was good. Service was solid. Jairo kept us entertained on a Sunday afternoon during brunch hours. 

We had the 
Starter: 
Shrimp & avocado (small but...",5,2022-06-05 12:01:06,"{'id': '4nz9Vy95fqiGPdScIwpL6A', 'profile_url': 'https://www.yelp.com/user_details?userid=4nz9Vy95fqiGPdScIwpL6A', 'image_url': 'https://s3-media3.fl.yelpcdn.com/photo/TLI7uKPAASY6dUeo1bQ9hw/o.jpg', 'name': 'Rael J.'}",H5bhfR5sL0I2w1csjI1uMA
cm-Ht1b551XZddHaE6_AIg,https://www.yelp.com/biz/the-penrose-new-york?adjust_creative=A57LwVZ5W7txZHbVlG9Tnw&hrid=cm-Ht1b551XZddHaE6_AIg&utm_campaign=yelp_api_v3&utm_medium=api_v3_business_reviews&utm_source=A57LwVZ5W7txZHbVlG9Tnw,Alright. To give you context my friends parents were in town and we went to church early Sunday morning. I am not a church go-er but when you're dealing...,5,2022-07-21 11:35:52,"{'id': 'PB_EogPV_7da4pLE9eYsCw', 'profile_url': 'https://www.yelp.com/user_details?userid=PB_EogPV_7da4pLE9eYsCw', 'image_url': 'https://s3-media4.fl.yelpcdn.com/photo/gYSv4BiXIi_YfDf42KH86A/o.jpg', 'name': 'Christina T.'}",mWS4umRg2AyykyAClMrIRw
It5JbldUD6TEVbv292UnQw,https://www.yelp.com/biz/the-penrose-new-york?adjust_creative=A57LwVZ5W7txZHbVlG9Tnw&hrid=It5JbldUD6TEVbv292UnQw&utm_campaign=yelp_api_v3&utm_medium=api_v3_business_reviews&utm_source=A57LwVZ5W7txZHbVlG9Tnw,"There are good restaurants and then there's places like this where the food is so delicious it affects all of your senses, and reminds you how sublime...",5,2022-07-16 13:44:10,"{'id': '16rxut1J2nuaR8Kn8_oo5A', 'profile_url': 'https://www.yelp.com/user_details?userid=16rxut1J2nuaR8Kn8_oo5A', 'image_url': 'https://s3-media2.fl.yelpcdn.com/photo/XsnXvO8H9Px9iPrrOrfZuQ/o.jpg', 'name': 'Nicholas G.'}",mWS4umRg2AyykyAClMrIRw
_CBu3Z7tViRI2pgTK__d_g,https://www.yelp.com/biz/the-penrose-new-york?adjust_creative=A57LwVZ5W7txZHbVlG9Tnw&hrid=_CBu3Z7tViRI2pgTK__d_g&utm_campaign=yelp_api_v3&utm_medium=api_v3_business_reviews&utm_source=A57LwVZ5W7txZHbVlG9Tnw,"Ordered:
Artichoke & Kale Ricotta Dip (~$15): artichoke hearts, muenster, pimentos, crostini
Popcorn Chicken (~$13): with blue ranch sauce & honey mustard...",4,2022-06-05 18:25:17,"{'id': '6cBZYz36SYI1g0cYBYsteA', 'profile_url': 'https://www.yelp.com/user_details?userid=6cBZYz36SYI1g0cYBYsteA', 'image_url': 'https://s3-media1.fl.yelpcdn.com/photo/Fm-1DHV4bf1QKSUma6yPfg/o.jpg', 'name': 'Aya E.'}",mWS4umRg2AyykyAClMrIRw
VuUG4Bkd5LdJa4RUI21Xgg,https://www.yelp.com/biz/blackbirds-bar-and-restaurant-astoria-2?adjust_creative=A57LwVZ5W7txZHbVlG9Tnw&hrid=VuUG4Bkd5LdJa4RUI21Xgg&utm_campaign=yelp_api_v3&utm_medium=api_v3_business_reviews&utm_source=A57LwVZ5W7txZHbVlG9Tnw,This place has the best wings. I ordered Buffalo and bbq wings for a house warming party yesterday for pick up and they did not disappoint. The Buffalo had...,5,2022-03-27 12:41:45,"{'id': 'p6L_qpcEqWpvafwzIsYGtA', 'profile_url': 'https://www.yelp.com/user_details?userid=p6L_qpcEqWpvafwzIsYGtA', 'image_url': 'https://s3-media2.fl.yelpcdn.com/photo/CjujwW35u7zMNP6jd1KjiQ/o.jpg', 'name': 'Michelle C.'}",gJmJDwrDUHy--3qS9qQFYA
PTfK5MexdTnexGW6xyq3vg,https://www.yelp.com/biz/blackbirds-bar-and-restaurant-astoria-2?adjust_creative=A57LwVZ5W7txZHbVlG9Tnw&hrid=PTfK5MexdTnexGW6xyq3vg&utm_campaign=yelp_api_v3&utm_medium=api_v3_business_reviews&utm_source=A57LwVZ5W7txZHbVlG9Tnw,"Made a quick stop here on a Wednesday evening for some grub/drinks. Not many people at the bar, so grabbed a seat and scanned the menu to start.

Wednesday...",4,2021-11-23 10:47:06,"{'id': 'uDBnapEGywTQ0ovaCu7Orw', 'profile_url': 'https://www.yelp.com/user_details?userid=uDBnapEGywTQ0ovaCu7Orw', 'image_url': 'https://s3-media2.fl.yelpcdn.com/photo/Z7nzX1xTYNr5rbjRExyGOA/o.jpg', 'name': 'Shaji K.'}",gJmJDwrDUHy--3qS9qQFYA
g2I8IRPI5VUtT2q4fd2N3Q,https://www.yelp.com/biz/blackbirds-bar-and-restaurant-astoria-2?adjust_creative=A57LwVZ5W7txZHbVlG9Tnw&hrid=g2I8IRPI5VUtT2q4fd2N3Q&utm_campaign=yelp_api_v3&utm_medium=api_v3_business_reviews&utm_source=A57LwVZ5W7txZHbVlG9Tnw,I've been to blackbirds a few times and I'm just always so so satisfied. The wings may just be the best in Astoria. The BBQ specifically! They are VERY...,5,2021-03-02 15:55:15,"{'id': '3v-sZO-ShOod6H1ZVM-6bA', 'profile_url': 'https://www.yelp.com/user_details?userid=3v-sZO-ShOod6H1ZVM-6bA', 'image_url': 'https://s3-media2.fl.yelpcdn.com/photo/mpe7DRVhF9L4YjO74x6JOQ/o.jpg', 'name': 'Alexandra R.'}",gJmJDwrDUHy--3qS9qQFYA
nU3-753r1TrudUHAohfckw,https://www.yelp.com/biz/chela-and-garnacha-astoria?adjust_creative=A57LwVZ5W7txZHbVlG9Tnw&hrid=nU3-753r1TrudUHAohfckw&utm_campaign=yelp_api_v3&utm_medium=api_v3_business_reviews&utm_source=A57LwVZ5W7txZHbVlG9Tnw,"The flavors are melting in my mouth!!!  
The music and ambiance is so chill. The service is awesome. I was surprised that they had several options of...",5,2022-02-19 14:07:04,"{'id': '7Y5aVa0MLN4FipDrYgCQFg', 'profile_url': 'https://www.yelp.com/user_details?userid=7Y5aVa0MLN4FipDrYgCQFg', 'image_url': 'https://s3-media1.fl.yelpcdn.com/photo/TqFFExNMKZNmnQuZTPP2Mg/o.jpg', 'name': 'Ana C.'}",AUyKmFjpaVLwc3awfUnqgQ
YISURSFdIpExz_0OzghbwQ,https://www.yelp.com/biz/chela-and-garnacha-astoria?adjust_creative=A57LwVZ5W7txZHbVlG9Tnw&hrid=YISURSFdIpExz_0OzghbwQ&utm_campaign=yelp_api_v3&utm_medium=api_v3_business_reviews&utm_source=A57LwVZ5W7txZHbVlG9Tnw,I stopped here randomly on a Tuesday evening. Turns out it was both taco Tuesday and happy hour! Tacos were 10% off and happy hour includes margaritas and...,4,2022-04-13 13:53:48,"{'id': '7lp9ebDdQVON-7jxCLYnEA', 'profile_url': 'https://www.yelp.com/user_details?userid=7lp9ebDdQVON-7jxCLYnEA', 'image_url': 'https://s3-media2.fl.yelpcdn.com/photo/7xN0j_nFGQGunFqRYan61A/o.jpg', 'name': 'Lisa O.'}",AUyKmFjpaVLwc3awfUnqgQ
84v3lTeoGe7-ZlVnJyH8Yg,https://www.yelp.com/biz/chela-and-garnacha-astoria?adjust_creative=A57LwVZ5W7txZHbVlG9Tnw&hrid=84v3lTeoGe7-ZlVnJyH8Yg&utm_campaign=yelp_api_v3&utm_medium=api_v3_business_reviews&utm_source=A57LwVZ5W7txZHbVlG9Tnw,"**Delivery Review**

Was at a bar nearby in Astoria that allows for food to be brought in. Used Uber Eats to find this spot (with some help from Yelp) for...",5,2021-12-05 17:19:55,"{'id': 'uDBnapEGywTQ0ovaCu7Orw', 'profile_url': 'https://www.yelp.com/user_details?userid=uDBnapEGywTQ0ovaCu7Orw', 'image_url': 'https://s3-media2.fl.yelpcdn.com/photo/Z7nzX1xTYNr5rbjRExyGOA/o.jpg', 'name': 'Shaji K.'}",AUyKmFjpaVLwc3awfUnqgQ
H5uf_hFLnYsbumT-EcSjVA,https://www.yelp.com/biz/the-thirsty-koala-astoria?adjust_creative=A57LwVZ5W7txZHbVlG9Tnw&hrid=H5uf_hFLnYsbumT-EcSjVA&utm_campaign=yelp_api_v3&utm_medium=api_v3_business_reviews&utm_source=A57LwVZ5W7txZHbVlG9Tnw,"Stumbled upon this when I was in the area, this place was really packed on a Saturday afternoon but luckily, there was a table for 2. It gets very busy and...",5,2022-05-12 11:18:17,"{'id': 'Pf3jabLlHkWE2BjnJHhqkw', 'profile_url': 'https://www.yelp.com/user_details?userid=Pf3jabLlHkWE2BjnJHhqkw', 'image_url': 'https://s3-media2.fl.yelpcdn.com/photo/Oe0Sz4nmwSFzUoFmwJwEJA/o.jpg', 'name': 'Angel J.'}",iNiq1vgWpEa48jlPAce8wQ
q90uqDuo5wHduROsGEugiw,https://www.yelp.com/biz/the-thirsty-koala-astoria?adjust_creative=A57LwVZ5W7txZHbVlG9Tnw&hrid=q90uqDuo5wHduROsGEugiw&utm_campaign=yelp_api_v3&utm_medium=api_v3_business_reviews&utm_source=A57LwVZ5W7txZHbVlG9Tnw,"We had Thirsty Koala on a Sunday. It was already packed as soon as we got there. 
But the front desk guy is so sweet that quickly find us a table. 
Food is...",4,2022-04-02 07:32:33,"{'id': 'qlTwCtl1aqctl-Kw2CRQ5Q', 'profile_url': 'https://www.yelp.com/user_details?userid=qlTwCtl1aqctl-Kw2CRQ5Q', 'image_url': 'https://s3-media1.fl.yelpcdn.com/photo/QKc6uIHyu1BbWq-y6N3-eQ/o.jpg', 'name': 'Tina W.'}",iNiq1vgWpEa48jlPAce8wQ
vxI6iG5RQvbWfSDuXhGIiA,https://www.yelp.com/biz/the-thirsty-koala-astoria?adjust_creative=A57LwVZ5W7txZHbVlG9Tnw&hrid=vxI6iG5RQvbWfSDuXhGIiA&utm_campaign=yelp_api_v3&utm_medium=api_v3_business_reviews&utm_source=A57LwVZ5W7txZHbVlG9Tnw,"Thoroughly enjoyed this place for Brunch. Servers and food were lovely. The house allowed us to talk away for 7 hours even though we were finished in 2.

I...",5,2022-02-17 12:41:08,"{'id': 'yUEf3LZoiMMPV1HbK9D-ew', 'profile_url': 'https://www.yelp.com/user_details?userid=yUEf3LZoiMMPV1HbK9D-ew', 'image_url': 'https://s3-media1.fl.yelpcdn.com/photo/bd4oBG-G-JKcHVyfsRA-_w/o.jpg', 'name': 'Stanley C.'}",iNiq1vgWpEa48jlPAce8wQ
9sGa54_8lYoeRpxxuAp3Vw,https://www.yelp.com/biz/las-catrinas-mexican-bar-and-eatery-astoria?adjust_creative=A57LwVZ5W7txZHbVlG9Tnw&hrid=9sGa54_8lYoeRpxxuAp3Vw&utm_campaign=yelp_api_v3&utm_medium=api_v3_business_reviews&utm_source=A57LwVZ5W7txZHbVlG9Tnw,Came here on a Saturday evening around 9PM and we sat outside since it was such a nice day out. No wait. The menu is scanned via QR code online (COVID...,5,2022-06-05 17:17:02,"{'id': 'KQOs6kx7shnKuUpmKyODEA', 'profile_url': 'https://www.yelp.com/user_details?userid=KQOs6kx7shnKuUpmKyODEA', 'image_url': 'https://s3-media4.fl.yelpcdn.com/photo/SS_-6uZ1Tvwp7K3lmjuKXQ/o.jpg', 'name': 'Linda T.'}",6AJwsgXr7YwsqneGVAdgzw
AQ6sLONKFUg6xc7RJurYlg,https://www.yelp.com/biz/las-catrinas-mexican-bar-and-eatery-astoria?adjust_creative=A57LwVZ5W7txZHbVlG9Tnw&hrid=AQ6sLONKFUg6xc7RJurYlg&utm_campaign=yelp_api_v3&utm_medium=api_v3_business_reviews&utm_source=A57LwVZ5W7txZHbVlG9Tnw,"Came out last night to celebrate my mom's birthday and this place, as always, does not disappoint one bit!
The Guacamole Rojo is my favorite. No disrespect...",5,2022-03-11 06:41:19,"{'id': 'ZIPOEOBQ_pnRDAct7jNozA', 'profile_url': 'https://www.yelp.com/user_details?userid=ZIPOEOBQ_pnRDAct7jNozA', 'image_url': 'https://s3-media4.fl.yelpcdn.com/photo/QBhJ_n5JjITLMquYDZddrA/o.jpg', 'name': 'Ricky H.'}",6AJwsgXr7YwsqneGVAdgzw
5iL3povkM_MoSey7_RGjSw,https://www.yelp.com/biz/las-catrinas-mexican-bar-and-eatery-astoria?adjust_creative=A57LwVZ5W7txZHbVlG9Tnw&hrid=5iL3povkM_MoSey7_RGjSw&utm_campaign=yelp_api_v3&utm_medium=api_v3_business_reviews&utm_source=A57LwVZ5W7txZHbVlG9Tnw,"So, went here for the second time with my husband and daughter. The passion fruit margaritas are delicious! However, I ordered the fish tacos (again) and...",1,2022-03-05 15:56:47,"{'id': 'eYKdtdAIQVCQQyWwXCyB0Q', 'profile_url': 'https://www.yelp.com/user_details?userid=eYKdtdAIQVCQQyWwXCyB0Q', 'image_url': 'https://s3-media4.fl.yelpcdn.com/photo/4001AyH6Ri6sKP-ST9KHWA/o.jpg', 'name': 'Jennifer W.'}",6AJwsgXr7YwsqneGVAdgzw
OrL2zFYXvfaJawaV_KqAXg,https://www.yelp.com/biz/salvatoria-kitchen-and-bar-astoria?adjust_creative=A57LwVZ5W7txZHbVlG9Tnw&hrid=OrL2zFYXvfaJawaV_KqAXg&utm_campaign=yelp_api_v3&utm_medium=api_v3_business_reviews&utm_source=A57LwVZ5W7txZHbVlG9Tnw,Food and service are absolutely great. This is my 3rd time visiting and many more visits to go. Quality food for reasonable pricing. Our server was very...,5,2022-06-29 04:20:05,"{'id': 'ZPzAaqk4js4TUrpLB9imKw', 'profile_url': 'https://www.yelp.com/user_details?userid=ZPzAaqk4js4TUrpLB9imKw', 'image_url': 'https://s3-media1.fl.yelpcdn.com/photo/_-3acXKGvcdPRhTSjfD5Fw/o.jpg', 'name': 'Jennifer V.'}",47_jHPl3p4-OYGCVLy2ZIA
nGeSkNKNshBHkFNd25Fi8g,https://www.yelp.com/biz/salvatoria-kitchen-and-bar-astoria?adjust_creative=A57LwVZ5W7txZHbVlG9Tnw&hrid=nGeSkNKNshBHkFNd25Fi8g&utm_campaign=yelp_api_v3&utm_medium=api_v3_business_reviews&utm_source=A57LwVZ5W7txZHbVlG9Tnw,"The revuelta pupusas omg! Definitely delicious and so worth it. Washed it down with the piña mezcal cocktail, which was delightful and refreshing.

Also...",4,2022-04-25 19:21:46,"{'id': 'L-ONxxiLSPoTNi5K1y55yQ', 'profile_url': 'https://www.yelp.com/user_details?userid=L-ONxxiLSPoTNi5K1y55yQ', 'image_url': 'https://s3-media4.fl.yelpcdn.com/photo/_q4i-1KPl1KaIxRNZLEnSw/o.jpg', 'name': 'Sarah R.'}",47_jHPl3p4-OYGCVLy2ZIA
8wT_hl2d4kcqddSW5Z-1-A,https://www.yelp.com/biz/salvatoria-kitchen-and-bar-astoria?adjust_creative=A57LwVZ5W7txZHbVlG9Tnw&hrid=8wT_hl2d4kcqddSW5Z-1-A&utm_campaign=yelp_api_v3&utm_medium=api_v3_business_reviews&utm_source=A57LwVZ5W7txZHbVlG9Tnw,We came to dine in and there was only one other table and they were actually finishing up. We ordered our appetizers and drinks and felt like it was taking...,3,2022-01-28 16:28:16,"{'id': '9L1pJsEy91bT9xpU06-Lkw', 'profile_url': 'https://www.yelp.com/user_details?userid=9L1pJsEy91bT9xpU06-Lkw', 'image_url': 'https://s3-media3.fl.yelpcdn.com/photo/1YRI4mxQsa2ozGKH1Pnj9g/o.jpg', 'name': 'Erika F.'}",47_jHPl3p4-OYGCVLy2ZIA
zIBjzOJ5X5JO6bmschTkDg,https://www.yelp.com/biz/bar-dalia-astoria?adjust_creative=A57LwVZ5W7txZHbVlG9Tnw&hrid=zIBjzOJ5X5JO6bmschTkDg&utm_campaign=yelp_api_v3&utm_medium=api_v3_business_reviews&utm_source=A57LwVZ5W7txZHbVlG9Tnw,I enjoy the drink and food as much as the bartenders! The interior of the place is less but more which is what I love about it,5,2022-07-04 08:50:17,"{'id': 'VaUp8YVA1JjgQ9suZQy5iA', 'profile_url': 'https://www.yelp.com/user_details?userid=VaUp8YVA1JjgQ9suZQy5iA', 'image_url': 'https://s3-media2.fl.yelpcdn.com/photo/P4BZZ94o0SvQXZm40Y_I5Q/o.jpg', 'name': 'PloyRP A.'}",3UmRGpZsMdJx4fWCT1NxZg
lCrnDIXUtFd9malUYpBVig,https://www.yelp.com/biz/bar-dalia-astoria?adjust_creative=A57LwVZ5W7txZHbVlG9Tnw&hrid=lCrnDIXUtFd9malUYpBVig&utm_campaign=yelp_api_v3&utm_medium=api_v3_business_reviews&utm_source=A57LwVZ5W7txZHbVlG9Tnw,Drinks are good and food was tasty but the portions were a bit small so be ready to get a few different options. Was disappointed there was no guac on a...,4,2022-07-18 09:32:16,"{'id': '-DzRvNi5vy-_JqVTaHGuqQ', 'profile_url': 'https://www.yelp.com/user_details?userid=-DzRvNi5vy-_JqVTaHGuqQ', 'image_url': 'https://s3-media2.fl.yelpcdn.com/photo/K4nhUN7EPVKDBmo3dVJ8Yg/o.jpg', 'name': 'Rita C.'}",3UmRGpZsMdJx4fWCT1NxZg
V0rln_yabnJYPAwm1TF9Ng,https://www.yelp.com/biz/bar-dalia-astoria?adjust_creative=A57LwVZ5W7txZHbVlG9Tnw&hrid=V0rln_yabnJYPAwm1TF9Ng&utm_campaign=yelp_api_v3&utm_medium=api_v3_business_reviews&utm_source=A57LwVZ5W7txZHbVlG9Tnw,"I didn't eat here but stopped in for cocktails at the bar. Excellent service and amazing drinks. They're perfectly crafted, beautifully presented, and taste...",4,2022-02-27 16:01:25,"{'id': 'LYOvyedhKD3eqs4dJrp6yQ', 'profile_url': 'https://www.yelp.com/user_details?userid=LYOvyedhKD3eqs4dJrp6yQ', 'image_url': 'https://s3-media1.fl.yelpcdn.com/photo/3Rol5QkTD4sbh3eePQvong/o.jpg', 'name': 'Jackie S.'}",3UmRGpZsMdJx4fWCT1NxZg
G_d59WOY4GClYvx-Vyt4iA,https://www.yelp.com/biz/blend-astoria-astoria?adjust_creative=A57LwVZ5W7txZHbVlG9Tnw&hrid=G_d59WOY4GClYvx-Vyt4iA&utm_campaign=yelp_api_v3&utm_medium=api_v3_business_reviews&utm_source=A57LwVZ5W7txZHbVlG9Tnw,"I have been craving a big, good salad.   Crave quenched.   I also ate calamari which defeats the purpose of the salad but the ambiance was so upscale-...",5,2022-07-09 13:10:02,"{'id': 'cNCmuGItxTKqnWQknAWBEw', 'profile_url': 'https://www.yelp.com/user_details?userid=cNCmuGItxTKqnWQknAWBEw', 'image_url': 'https://s3-media2.fl.yelpcdn.com/photo/M9EHAcRP5r1zEx-0YQ8pBg/o.jpg', 'name': 'Jeffrey C.'}",azOGJ8gBsP4RF2zOJTSwDg
yhe0J1c4tIYgxV2zX0bMAg,https://www.yelp.com/biz/blend-astoria-astoria?adjust_creative=A57LwVZ5W7txZHbVlG9Tnw&hrid=yhe0J1c4tIYgxV2zX0bMAg&utm_campaign=yelp_api_v3&utm_medium=api_v3_business_reviews&utm_source=A57LwVZ5W7txZHbVlG9Tnw,"Came to Blend for brunch and we had a great time! The brunch drink menu is great -- they have a lot of cool options. 

For food we tried the arroz con pollo...",4,2022-06-21 18:01:23,"{'id': 'HXcSUeaj2KzHUkY_67qQyA', 'profile_url': 'https://www.yelp.com/user_details?userid=HXcSUeaj2KzHUkY_67qQyA', 'image_url': 'https://s3-media4.fl.yelpcdn.com/photo/pIkWaf5fSg_xtyraGicH-Q/o.jpg', 'name': 'Chris K.'}",azOGJ8gBsP4RF2zOJTSwDg
opvwHpCHqZT4ZEl7KYOCgw,https://www.yelp.com/biz/blend-astoria-astoria?adjust_creative=A57LwVZ5W7txZHbVlG9Tnw&hrid=opvwHpCHqZT4ZEl7KYOCgw&utm_campaign=yelp_api_v3&utm_medium=api_v3_business_reviews&utm_source=A57LwVZ5W7txZHbVlG9Tnw,"Ordered:
Takeout Lunch - Cuban Braised Beef (~$11): braised beef with peppers, tomato, and onions; served with rice, beans, and sweet plantains
Takeout...",4,2022-05-26 16:25:59,"{'id': '6cBZYz36SYI1g0cYBYsteA', 'profile_url': 'https://www.yelp.com/user_details?userid=6cBZYz36SYI1g0cYBYsteA', 'image_url': 'https://s3-media1.fl.yelpcdn.com/photo/Fm-1DHV4bf1QKSUma6yPfg/o.jpg', 'name': 'Aya E.'}",azOGJ8gBsP4RF2zOJTSwDg
nPFuAW46TZ6g_hUUDS_w5w,https://www.yelp.com/biz/vite-vinosteria-astoria?adjust_creative=A57LwVZ5W7txZHbVlG9Tnw&hrid=nPFuAW46TZ6g_hUUDS_w5w&utm_campaign=yelp_api_v3&utm_medium=api_v3_business_reviews&utm_source=A57LwVZ5W7txZHbVlG9Tnw,Last night was the 3rd time I've been here but this time I bought my mom to celebrate her birthday. We were torn between sitting inside or out since it was...,5,2022-06-29 22:42:42,"{'id': 'lnzn9Hx3PlUtdb83Y9PlWg', 'profile_url': 'https://www.yelp.com/user_details?userid=lnzn9Hx3PlUtdb83Y9PlWg', 'image_url': 'https://s3-media2.fl.yelpcdn.com/photo/EMKDMfU276A_cLz6Yuwd9A/o.jpg', 'name': 'Pooja S.'}",abZ-mEvF6Tj4hfyIg0lKwQ
dSvX8IpakFA29YELy0qmxg,https://www.yelp.com/biz/vite-vinosteria-astoria?adjust_creative=A57LwVZ5W7txZHbVlG9Tnw&hrid=dSvX8IpakFA29YELy0qmxg&utm_campaign=yelp_api_v3&utm_medium=api_v3_business_reviews&utm_source=A57LwVZ5W7txZHbVlG9Tnw,"Nice little Italian spot. I came last week for dinner with 3 co-workers. We didn't have a reservation and they were able to get us a table right away.

The...",5,2022-06-27 19:05:32,"{'id': 'XSO4iT9dy9oMREKEMI8pwQ', 'profile_url': 'https://www.yelp.com/user_details?userid=XSO4iT9dy9oMREKEMI8pwQ', 'image_url': 'https://s3-media4.fl.yelpcdn.com/photo/5nZjHlXfdchq7IQa6nJrLg/o.jpg', 'name': 'S G.'}",abZ-mEvF6Tj4hfyIg0lKwQ
nk_p6wR8dDYs1k_wsUeW7A,https://www.yelp.com/biz/vite-vinosteria-astoria?adjust_creative=A57LwVZ5W7txZHbVlG9Tnw&hrid=nk_p6wR8dDYs1k_wsUeW7A&utm_campaign=yelp_api_v3&utm_medium=api_v3_business_reviews&utm_source=A57LwVZ5W7txZHbVlG9Tnw,"Great Italian spot! Walked in around 8 PM on a Saturday and got a table for two. I tried:

+ Gold rush cocktail
+ Hemingway daiquiri
+ Baked crispy...",5,2022-05-19 06:12:42,"{'id': 'HVQKFDi-vZbawtmLMq3ZOw', 'profile_url': 'https://www.yelp.com/user_details?userid=HVQKFDi-vZbawtmLMq3ZOw', 'image_url': 'https://s3-media3.fl.yelpcdn.com/photo/hR3klUhVTFCrNjnUhYb2hA/o.jpg', 'name': 'Gab G.'}",abZ-mEvF6Tj4hfyIg0lKwQ
CcfjOs9xjLIRS-tXzrk_oA,https://www.yelp.com/biz/william-and-willow-astoria?adjust_creative=A57LwVZ5W7txZHbVlG9Tnw&hrid=CcfjOs9xjLIRS-tXzrk_oA&utm_campaign=yelp_api_v3&utm_medium=api_v3_business_reviews&utm_source=A57LwVZ5W7txZHbVlG9Tnw,I can't wait to be back. My first time at William & Willow and it was absolutely amazing. We had the butterfly effect drink. 10/10 it's a must try. The...,5,2022-06-26 22:31:23,"{'id': 'Itvjf8diIia2WNOnK6DFSw', 'profile_url': 'https://www.yelp.com/user_details?userid=Itvjf8diIia2WNOnK6DFSw', 'image_url': 'https://s3-media4.fl.yelpcdn.com/photo/GxMszJYxCpDlXVZFLnZr3g/o.jpg', 'name': 'Priya P.'}",0jswXSAOU-a5VTR3n7Yebw
KdRYgtJm_PGD49DYKIs9IA,https://www.yelp.com/biz/william-and-willow-astoria?adjust_creative=A57LwVZ5W7txZHbVlG9Tnw&hrid=KdRYgtJm_PGD49DYKIs9IA&utm_campaign=yelp_api_v3&utm_medium=api_v3_business_reviews&utm_source=A57LwVZ5W7txZHbVlG9Tnw,Nope. I wrote a 5 star review for this place 10 months prior and can no longer stand behind that rating. We went here for their new bottomless brunch option...,1,2022-06-05 12:49:45,"{'id': '85hUvyTE0UA7eDMI18OMOQ', 'profile_url': 'https://www.yelp.com/user_details?userid=85hUvyTE0UA7eDMI18OMOQ', 'image_url': 'https://s3-media2.fl.yelpcdn.com/photo/atmqY406CYJFgGMrqk-yYQ/o.jpg', 'name': 'Doreen L.'}",0jswXSAOU-a5VTR3n7Yebw
w4Z7cXPx6puzKFlNG3KGfA,https://www.yelp.com/biz/william-and-willow-astoria?adjust_creative=A57LwVZ5W7txZHbVlG9Tnw&hrid=w4Z7cXPx6puzKFlNG3KGfA&utm_campaign=yelp_api_v3&utm_medium=api_v3_business_reviews&utm_source=A57LwVZ5W7txZHbVlG9Tnw,My friends and I always meet at the track for workouts and we've been exploring coffee options after workout. But we never found out about this place until...,4,2022-02-20 10:33:54,"{'id': 'DcfwEUbc9Q5q7L3vwXV5tA', 'profile_url': 'https://www.yelp.com/user_details?userid=DcfwEUbc9Q5q7L3vwXV5tA', 'image_url': 'https://s3-media2.fl.yelpcdn.com/photo/HZTmHGDihLysDikn2R_Gzg/o.jpg', 'name': 'Ami Y.'}",0jswXSAOU-a5VTR3n7Yebw
OJrxbDhafLyGgwuvV8tA6g,https://www.yelp.com/biz/diwine-astoria?adjust_creative=A57LwVZ5W7txZHbVlG9Tnw&hrid=OJrxbDhafLyGgwuvV8tA6g&utm_campaign=yelp_api_v3&utm_medium=api_v3_business_reviews&utm_source=A57LwVZ5W7txZHbVlG9Tnw,"Idk why it took so long for us to go but at a friends suggestion, reservations were made and we had a fantastic dinner and drinks. 

We decided to get small...",5,2022-03-08 13:59:55,"{'id': 'bXCZe0oL1kj5by8gctZ3AQ', 'profile_url': 'https://www.yelp.com/user_details?userid=bXCZe0oL1kj5by8gctZ3AQ', 'image_url': 'https://s3-media2.fl.yelpcdn.com/photo/MRAalmp47wk483ZXQWC6cw/o.jpg', 'name': 'Chris F.'}",ayOj0JXAsuGqVG8reuqpxQ
9e1wi4YwWcKdb9peja7uvg,https://www.yelp.com/biz/diwine-astoria?adjust_creative=A57LwVZ5W7txZHbVlG9Tnw&hrid=9e1wi4YwWcKdb9peja7uvg&utm_campaign=yelp_api_v3&utm_medium=api_v3_business_reviews&utm_source=A57LwVZ5W7txZHbVlG9Tnw,"I had been wanting to try this spot since moving to Astoria a few years ago. Unfortunately, I was underwhelmed overall.

For a wine bar, I thought the wine...",3,2022-05-14 16:40:33,"{'id': '-qbQYtDOfjo0gchtad_h8g', 'profile_url': 'https://www.yelp.com/user_details?userid=-qbQYtDOfjo0gchtad_h8g', 'image_url': 'https://s3-media2.fl.yelpcdn.com/photo/wNT-go_VIODAoDlNPWXmtQ/o.jpg', 'name': 'Lawrence R.'}",ayOj0JXAsuGqVG8reuqpxQ
_zLoQIA7HzQY0wQT61dSwA,https://www.yelp.com/biz/diwine-astoria?adjust_creative=A57LwVZ5W7txZHbVlG9Tnw&hrid=_zLoQIA7HzQY0wQT61dSwA&utm_campaign=yelp_api_v3&utm_medium=api_v3_business_reviews&utm_source=A57LwVZ5W7txZHbVlG9Tnw,Intimate cozy local bar and restaurant. I've been coming here once in a while for years and never get disappointed. Service is A+ and food is surprisingly...,5,2022-05-02 18:21:58,"{'id': 'n38ooAV6hKg2UvcBBmzEdw', 'profile_url': 'https://www.yelp.com/user_details?userid=n38ooAV6hKg2UvcBBmzEdw', 'image_url': 'https://s3-media2.fl.yelpcdn.com/photo/yba3bjmw6vRNA5A-rxGkMQ/o.jpg', 'name': 'Godfred John G.'}",ayOj0JXAsuGqVG8reuqpxQ
Tl8ih9HrLDJ1Jx8g3Izfbg,https://www.yelp.com/biz/havana-dreams-queens-2?adjust_creative=A57LwVZ5W7txZHbVlG9Tnw&hrid=Tl8ih9HrLDJ1Jx8g3Izfbg&utm_campaign=yelp_api_v3&utm_medium=api_v3_business_reviews&utm_source=A57LwVZ5W7txZHbVlG9Tnw,"On a Saturday it's the warm experience for
Me. I walked in and did not have reservations but was served and everything and 1 was nice, i ordered something...",5,2022-06-05 22:22:47,"{'id': 'bexd3_xzByW5WCm_5y8omA', 'profile_url': 'https://www.yelp.com/user_details?userid=bexd3_xzByW5WCm_5y8omA', 'image_url': 'https://s3-media1.fl.yelpcdn.com/photo/iOI16A1yQfJE4Cjq6fWMFw/o.jpg', 'name': 'Amber P.'}",Z3mYawowd-Uq-wJyASMskQ
icM4pnbkar5fFvi5esUMaw,https://www.yelp.com/biz/havana-dreams-queens-2?adjust_creative=A57LwVZ5W7txZHbVlG9Tnw&hrid=icM4pnbkar5fFvi5esUMaw&utm_campaign=yelp_api_v3&utm_medium=api_v3_business_reviews&utm_source=A57LwVZ5W7txZHbVlG9Tnw,To keep it short food took more than 2hrs on my friends bday night. Food was also horrible. Not everyone got their food at the same time however they wanted...,2,2022-06-16 14:55:11,"{'id': 'pS9fTVex1Ved86JreXQBJQ', 'profile_url': 'https://www.yelp.com/user_details?userid=pS9fTVex1Ved86JreXQBJQ', 'image_url': 'https://s3-media4.fl.yelpcdn.com/photo/S_FsCpggpjRuHD7CICSJGg/o.jpg', 'name': 'Mim B.'}",Z3mYawowd-Uq-wJyASMskQ
I0U5fYYeQSLuPaBASntDVQ,https://www.yelp.com/biz/havana-dreams-queens-2?adjust_creative=A57LwVZ5W7txZHbVlG9Tnw&hrid=I0U5fYYeQSLuPaBASntDVQ&utm_campaign=yelp_api_v3&utm_medium=api_v3_business_reviews&utm_source=A57LwVZ5W7txZHbVlG9Tnw,Having seen Havana Dreams all over Instagram I knew I had to try it! We came here for my brother's Birthday celebration. There decor is so cute and great...,5,2022-06-12 14:34:32,"{'id': '4BWUdmZwnTBw6y2xkSLyrA', 'profile_url': 'https://www.yelp.com/user_details?userid=4BWUdmZwnTBw6y2xkSLyrA', 'image_url': 'https://s3-media3.fl.yelpcdn.com/photo/GHkMl5OJEHZuZ3-eyZdrqQ/o.jpg', 'name': 'Jennifer A.'}",Z3mYawowd-Uq-wJyASMskQ
pcHHLYyOrv0CMj7wBeJZhg,https://www.yelp.com/biz/sunswick-3535-bar-astoria?adjust_creative=A57LwVZ5W7txZHbVlG9Tnw&hrid=pcHHLYyOrv0CMj7wBeJZhg&utm_campaign=yelp_api_v3&utm_medium=api_v3_business_reviews&utm_source=A57LwVZ5W7txZHbVlG9Tnw,"Best bar in Astoria. The food is surprisingly good for a bar menu and the kitchen is open late, which is really convenient. The staff is incredibly friendly...",5,2022-02-08 09:52:55,"{'id': 'nOImo6euAjOV9OuTC6KKJA', 'profile_url': 'https://www.yelp.com/user_details?userid=nOImo6euAjOV9OuTC6KKJA', 'image_url': 'https://s3-media4.fl.yelpcdn.com/photo/YfngiPFMrSTlZqxj8_HVDw/o.jpg', 'name': 'Anita D.'}",YKoQUUrUdE_XHw-ikAkumQ
xXTuApo1rIcRksxmOw1bZQ,https://www.yelp.com/biz/sunswick-3535-bar-astoria?adjust_creative=A57LwVZ5W7txZHbVlG9Tnw&hrid=xXTuApo1rIcRksxmOw1bZQ&utm_campaign=yelp_api_v3&utm_medium=api_v3_business_reviews&utm_source=A57LwVZ5W7txZHbVlG9Tnw,Came here 4 years ago and things have changed. It's so dark you can't see the floors and it feels like the furniture is very worn out. No one came to take...,3,2022-06-29 19:48:55,"{'id': 'HExpYL8i6f_tnuYcv1Gkmw', 'profile_url': 'https://www.yelp.com/user_details?userid=HExpYL8i6f_tnuYcv1Gkmw', 'image_url': 'https://s3-media2.fl.yelpcdn.com/photo/aDn4iuWWYGUsnPZX_UrerQ/o.jpg', 'name': 'Cora Y.'}",YKoQUUrUdE_XHw-ikAkumQ
f28XrJVDcUx5EinYxCenVQ,https://www.yelp.com/biz/sunswick-3535-bar-astoria?adjust_creative=A57LwVZ5W7txZHbVlG9Tnw&hrid=f28XrJVDcUx5EinYxCenVQ&utm_campaign=yelp_api_v3&utm_medium=api_v3_business_reviews&utm_source=A57LwVZ5W7txZHbVlG9Tnw,"It's been a while since I have been cat-fished by a restaurant's photos, but it happened here. Everything that I ordered for this delivery was extremely...",3,2022-01-10 14:04:06,"{'id': 'bebiO5-6wRYb8MzwPryeTQ', 'profile_url': 'https://www.yelp.com/user_details?userid=bebiO5-6wRYb8MzwPryeTQ', 'image_url': 'https://s3-media4.fl.yelpcdn.com/photo/vF73-G9LzWUk2hXavipU4g/o.jpg', 'name': 'K.V. C.'}",YKoQUUrUdE_XHw-ikAkumQ
zVdcmDulH269t7wf4UZKdg,https://www.yelp.com/biz/jora-restaurant-and-bar-long-island-city?adjust_creative=A57LwVZ5W7txZHbVlG9Tnw&hrid=zVdcmDulH269t7wf4UZKdg&utm_campaign=yelp_api_v3&utm_medium=api_v3_business_reviews&utm_source=A57LwVZ5W7txZHbVlG9Tnw,"Great place, Great Food and nice view. I've ate a arroz con marisco and my husband a Grilled Salmon.",5,2022-07-04 12:17:03,"{'id': 'DOaJ5-6t_HfcjZQSyAY0wg', 'profile_url': 'https://www.yelp.com/user_details?userid=DOaJ5-6t_HfcjZQSyAY0wg', 'image_url': 'https://s3-media2.fl.yelpcdn.com/photo/iIfmyKyb_03MqPLOo77XLQ/o.jpg', 'name': 'Elisangela V.'}",Sj3JYCbaEFrAqUzRrenQbg
XltjU0KKUrcFM1Gn5r3vWQ,https://www.yelp.com/biz/jora-restaurant-and-bar-long-island-city?adjust_creative=A57LwVZ5W7txZHbVlG9Tnw&hrid=XltjU0KKUrcFM1Gn5r3vWQ&utm_campaign=yelp_api_v3&utm_medium=api_v3_business_reviews&utm_source=A57LwVZ5W7txZHbVlG9Tnw,Either the air conditioning was insufficient or was broken. east sweltering part of the restaurant was the bathrooms.  Food was ok.  Small portion sizes....,3,2022-07-01 19:23:56,"{'id': 'cBo4k0BXcdGIBYuiMJIi0A', 'profile_url': 'https://www.yelp.com/user_details?userid=cBo4k0BXcdGIBYuiMJIi0A', 'image_url': 'https://s3-media2.fl.yelpcdn.com/photo/Hwe3lDU_Lx2F30W-9FzT3w/o.jpg', 'name': 'Kevin C.'}",Sj3JYCbaEFrAqUzRrenQbg
wMkukYui9Ho_MMev0cepsA,https://www.yelp.com/biz/jora-restaurant-and-bar-long-island-city?adjust_creative=A57LwVZ5W7txZHbVlG9Tnw&hrid=wMkukYui9Ho_MMev0cepsA&utm_campaign=yelp_api_v3&utm_medium=api_v3_business_reviews&utm_source=A57LwVZ5W7txZHbVlG9Tnw,So good! Everything is perfect! Really like the Paella. I ordered delivery and it's still really good.,5,2022-06-17 19:15:50,"{'id': '8gPzDwRycM9-fo-QLckRvg', 'profile_url': 'https://www.yelp.com/user_details?userid=8gPzDwRycM9-fo-QLckRvg', 'image_url': None, 'name': 'Jennifer L.'}",Sj3JYCbaEFrAqUzRrenQbg
Vmc0VeQfQFGJmsG2jbxZ_w,https://www.yelp.com/biz/sojourn-social-new-york?adjust_creative=A57LwVZ5W7txZHbVlG9Tnw&hrid=Vmc0VeQfQFGJmsG2jbxZ_w&utm_campaign=yelp_api_v3&utm_medium=api_v3_business_reviews&utm_source=A57LwVZ5W7txZHbVlG9Tnw,"Great bar, excellent wine selection, great service, good background music.  Perfect place to chill with friends.  Totally recommend it!",5,2022-06-22 18:02:24,"{'id': '4gC_CVaYpz8bx2hDG4VsEw', 'profile_url': 'https://www.yelp.com/user_details?userid=4gC_CVaYpz8bx2hDG4VsEw', 'image_url': None, 'name': 'Jeff C.'}",GojmCdGjUyGPxGLpoxXhvA
nrQ9SUczKb2pzsbl3jUhmA,https://www.yelp.com/biz/sojourn-social-new-york?adjust_creative=A57LwVZ5W7txZHbVlG9Tnw&hrid=nrQ9SUczKb2pzsbl3jUhmA&utm_campaign=yelp_api_v3&utm_medium=api_v3_business_reviews&utm_source=A57LwVZ5W7txZHbVlG9Tnw,"Been waiting for this to open!!! So worth the wait. I came here on a Thursday night after a long day of work. Ordered the chicken meatballs 

reasons why...",5,2022-04-14 19:20:20,"{'id': 'tNTptrVn81csJYlqTSVn-w', 'profile_url': 'https://www.yelp.com/user_details?userid=tNTptrVn81csJYlqTSVn-w', 'image_url': 'https://s3-media1.fl.yelpcdn.com/photo/niKTpotrBnnTPOoygceaIw/o.jpg', 'name': 'Oh B.'}",GojmCdGjUyGPxGLpoxXhvA
_Uk-kfcSfuoSRAZIyS5Sxg,https://www.yelp.com/biz/sojourn-social-new-york?adjust_creative=A57LwVZ5W7txZHbVlG9Tnw&hrid=_Uk-kfcSfuoSRAZIyS5Sxg&utm_campaign=yelp_api_v3&utm_medium=api_v3_business_reviews&utm_source=A57LwVZ5W7txZHbVlG9Tnw,Skip it! The service is awful! I wanted to like this place since their happy hour deals are awesome. Happy hour is 4-7pm. I arrived 6:30pm and sat at the...,1,2022-06-17 17:40:16,"{'id': 'tl-_haSNLRj0jQSgcgnagw', 'profile_url': 'https://www.yelp.com/user_details?userid=tl-_haSNLRj0jQSgcgnagw', 'image_url': 'https://s3-media2.fl.yelpcdn.com/photo/4Jl0IWQeMpokW1HFkP4tlw/o.jpg', 'name': 'Madeline A.'}",GojmCdGjUyGPxGLpoxXhvA
3izO-9HnBehqvvh7mXZheA,https://www.yelp.com/biz/vegoist-long-island-city-2?adjust_creative=A57LwVZ5W7txZHbVlG9Tnw&hrid=3izO-9HnBehqvvh7mXZheA&utm_campaign=yelp_api_v3&utm_medium=api_v3_business_reviews&utm_source=A57LwVZ5W7txZHbVlG9Tnw,Came here on a whim on Sunday night. The place is such a vibe! Honestly felt a little sinful all around  opposite of Vegan haha.. the prices are reasonable...,4,2022-07-17 19:04:24,"{'id': 'GwXLwGcd_M2gjHX5SHBTAQ', 'profile_url': 'https://www.yelp.com/user_details?userid=GwXLwGcd_M2gjHX5SHBTAQ', 'image_url': 'https://s3-media2.fl.yelpcdn.com/photo/WQkhpW2qDXgUCRugqkmRag/o.jpg', 'name': 'Wendy C.'}",Y98a2y3r77l7S4wVS4Vqzg
jicqyxG4xVq55Pumj2eNzg,https://www.yelp.com/biz/vegoist-long-island-city-2?adjust_creative=A57LwVZ5W7txZHbVlG9Tnw&hrid=jicqyxG4xVq55Pumj2eNzg&utm_campaign=yelp_api_v3&utm_medium=api_v3_business_reviews&utm_source=A57LwVZ5W7txZHbVlG9Tnw,"The actually aesthetic of the restaurant is really nice!
My vegan Italian sausage & drink were really good.
BUT the ""zoodles"" were very bland, both the...",3,2022-06-20 18:32:02,"{'id': 'WoR2WgyRubngLGcL5pPD3Q', 'profile_url': 'https://www.yelp.com/user_details?userid=WoR2WgyRubngLGcL5pPD3Q', 'image_url': 'https://s3-media1.fl.yelpcdn.com/photo/8eB65OqsBAGLjjItcKE23g/o.jpg', 'name': 'Keya R.'}",Y98a2y3r77l7S4wVS4Vqzg
sAL82TUJxNzwj8Ya4JGhvQ,https://www.yelp.com/biz/vegoist-long-island-city-2?adjust_creative=A57LwVZ5W7txZHbVlG9Tnw&hrid=sAL82TUJxNzwj8Ya4JGhvQ&utm_campaign=yelp_api_v3&utm_medium=api_v3_business_reviews&utm_source=A57LwVZ5W7txZHbVlG9Tnw,"As a lactose intolerant person I love a good vegan spot especially when they also have non vegan options that you can substitute with vegan dairy.
I've been...",5,2022-06-17 23:19:34,"{'id': 'dUZWE8IjZWwt_b_AMlmzeg', 'profile_url': 'https://www.yelp.com/user_details?userid=dUZWE8IjZWwt_b_AMlmzeg', 'image_url': 'https://s3-media3.fl.yelpcdn.com/photo/AeMbzq08HHoZMv9UbLCWrQ/o.jpg', 'name': 'Jenny L.'}",Y98a2y3r77l7S4wVS4Vqzg
HLKPPpxdWW2mL9JuAFA66A,https://www.yelp.com/biz/sala-astoria-queens?adjust_creative=A57LwVZ5W7txZHbVlG9Tnw&hrid=HLKPPpxdWW2mL9JuAFA66A&utm_campaign=yelp_api_v3&utm_medium=api_v3_business_reviews&utm_source=A57LwVZ5W7txZHbVlG9Tnw,"Amazing tapa restaurant. I came with my friends from Spain. They like it very much. Good environments, good cocktail, wine and beer. 

The octopus, the...",5,2022-07-02 16:16:35,"{'id': 'CF_RvpO_ONylaj3Amk-qUw', 'profile_url': 'https://www.yelp.com/user_details?userid=CF_RvpO_ONylaj3Amk-qUw', 'image_url': None, 'name': 'Dominick S.'}",yczK4BwiadrSLAhVZw87BQ
1PqJzpV2Xqb39JxX15O6bQ,https://www.yelp.com/biz/sala-astoria-queens?adjust_creative=A57LwVZ5W7txZHbVlG9Tnw&hrid=1PqJzpV2Xqb39JxX15O6bQ&utm_campaign=yelp_api_v3&utm_medium=api_v3_business_reviews&utm_source=A57LwVZ5W7txZHbVlG9Tnw,After a full day of walking and eating a heavy lunch we still felt peckish and decided to give Sala a try as tapas was exactly what we needed. New to the...,5,2022-06-18 18:50:58,"{'id': 'cK_4Etqr3fVDg7LOty4xwA', 'profile_url': 'https://www.yelp.com/user_details?userid=cK_4Etqr3fVDg7LOty4xwA', 'image_url': 'https://s3-media3.fl.yelpcdn.com/photo/_3WjAkhhVMNR6UMZ3a50Eg/o.jpg', 'name': 'Laura C.'}",yczK4BwiadrSLAhVZw87BQ
7CQT_cWZV9M1Jb3EmaP2cQ,https://www.yelp.com/biz/sala-astoria-queens?adjust_creative=A57LwVZ5W7txZHbVlG9Tnw&hrid=7CQT_cWZV9M1Jb3EmaP2cQ&utm_campaign=yelp_api_v3&utm_medium=api_v3_business_reviews&utm_source=A57LwVZ5W7txZHbVlG9Tnw,Sala is such a wonderful new addition to neighborhood! My husband and I came here on a Friday night with our pup and were seated outside. We tried a bunch...,5,2022-07-11 04:33:23,"{'id': '1ZdUP-wnMIlInV-mhyWEOQ', 'profile_url': 'https://www.yelp.com/user_details?userid=1ZdUP-wnMIlInV-mhyWEOQ', 'image_url': 'https://s3-media2.fl.yelpcdn.com/photo/oV-5GGgPDszU0Tz41L5WSg/o.jpg', 'name': 'June X.'}",yczK4BwiadrSLAhVZw87BQ
-OCWfOhE19wimUiQxCnq0Q,https://www.yelp.com/biz/olivers-astoria-astoria?adjust_creative=A57LwVZ5W7txZHbVlG9Tnw&hrid=-OCWfOhE19wimUiQxCnq0Q&utm_campaign=yelp_api_v3&utm_medium=api_v3_business_reviews&utm_source=A57LwVZ5W7txZHbVlG9Tnw,Incredible service from Rachael! She was super friendly and attentive. Margs and vibes are dope,5,2022-07-04 13:14:21,"{'id': '4WByNdceI9I7bI2ifZr22Q', 'profile_url': 'https://www.yelp.com/user_details?userid=4WByNdceI9I7bI2ifZr22Q', 'image_url': None, 'name': 'Morgan M.'}",l_hBcWIFx_ausYBxLkSglQ
iZSIviBWESNoXqaYJMbFzQ,https://www.yelp.com/biz/olivers-astoria-astoria?adjust_creative=A57LwVZ5W7txZHbVlG9Tnw&hrid=iZSIviBWESNoXqaYJMbFzQ&utm_campaign=yelp_api_v3&utm_medium=api_v3_business_reviews&utm_source=A57LwVZ5W7txZHbVlG9Tnw,Went here with my son had the corn chowder and the Astoria burger it was good food but when we arrived it was empty only about 5 people and after we ordered...,4,2022-06-06 17:11:16,"{'id': '7wSVrnH_Ty14sTn9Xii7NQ', 'profile_url': 'https://www.yelp.com/user_details?userid=7wSVrnH_Ty14sTn9Xii7NQ', 'image_url': None, 'name': 'Patricia O.'}",l_hBcWIFx_ausYBxLkSglQ
o-NpkltX7QBALfeqFJUQvg,https://www.yelp.com/biz/olivers-astoria-astoria?adjust_creative=A57LwVZ5W7txZHbVlG9Tnw&hrid=o-NpkltX7QBALfeqFJUQvg&utm_campaign=yelp_api_v3&utm_medium=api_v3_business_reviews&utm_source=A57LwVZ5W7txZHbVlG9Tnw,I've been to Oliver's at least 20 times since I live just two blocks away but distance is not what keeps me going back. At a time where I've seen a severe...,5,2022-07-10 17:54:18,"{'id': 'XQ0qXO8AkZ4EHrgXWuRo4Q', 'profile_url': 'https://www.yelp.com/user_details?userid=XQ0qXO8AkZ4EHrgXWuRo4Q', 'image_url': 'https://s3-media1.fl.yelpcdn.com/photo/LKfKNWCKcKiEgcWt_FfmDA/o.jpg', 'name': 'Sarah K.'}",l_hBcWIFx_ausYBxLkSglQ
TY35kyUmoFh9cVj527LfZA,https://www.yelp.com/biz/botte-bar-astoria-2?adjust_creative=A57LwVZ5W7txZHbVlG9Tnw&hrid=TY35kyUmoFh9cVj527LfZA&utm_campaign=yelp_api_v3&utm_medium=api_v3_business_reviews&utm_source=A57LwVZ5W7txZHbVlG9Tnw,"Perfect low key neighborhood staple that I love. The staff is always warm and welcoming and the food never disappoints! Very nice inside, cool old school...",5,2022-06-13 21:32:49,"{'id': 'qc4WYzRr38FOerfXuV9SpQ', 'profile_url': 'https://www.yelp.com/user_details?userid=qc4WYzRr38FOerfXuV9SpQ', 'image_url': 'https://s3-media4.fl.yelpcdn.com/photo/jNtE1Cc3O1dmOHo9M0LxPA/o.jpg', 'name': 'Samantha D.'}",wT_-RVwMoiPAL9L191Zjvg
Dar0Jy2o1XpySjcnmFaDtA,https://www.yelp.com/biz/botte-bar-astoria-2?adjust_creative=A57LwVZ5W7txZHbVlG9Tnw&hrid=Dar0Jy2o1XpySjcnmFaDtA&utm_campaign=yelp_api_v3&utm_medium=api_v3_business_reviews&utm_source=A57LwVZ5W7txZHbVlG9Tnw,"3 stars.  +1 for not sitting indoor parties right next to each other if empty tables were available. 

We made a reservation for 8:15, and we're seated...",4,2022-07-09 00:27:07,"{'id': 'KQOs6kx7shnKuUpmKyODEA', 'profile_url': 'https://www.yelp.com/user_details?userid=KQOs6kx7shnKuUpmKyODEA', 'image_url': 'https://s3-media4.fl.yelpcdn.com/photo/SS_-6uZ1Tvwp7K3lmjuKXQ/o.jpg', 'name': 'Linda T.'}",wT_-RVwMoiPAL9L191Zjvg
2jAee53fvPqew4oQLtyeNA,https://www.yelp.com/biz/botte-bar-astoria-2?adjust_creative=A57LwVZ5W7txZHbVlG9Tnw&hrid=2jAee53fvPqew4oQLtyeNA&utm_campaign=yelp_api_v3&utm_medium=api_v3_business_reviews&utm_source=A57LwVZ5W7txZHbVlG9Tnw,"If I had only had drinks here, my review would've been 5 stars. The bartender was absolutely lovely and his drinks were really well made. 

Unfortunately, I...",1,2022-06-05 18:13:09,"{'id': 'n-wS7wQqTKCNxIvjjSnj2g', 'profile_url': 'https://www.yelp.com/user_details?userid=n-wS7wQqTKCNxIvjjSnj2g', 'image_url': 'https://s3-media2.fl.yelpcdn.com/photo/po3yxD_n8lO97vTnLFZG7g/o.jpg', 'name': 'P K.'}",wT_-RVwMoiPAL9L191Zjvg
LLZzNKs4UQjAf-PFqFR5Rg,https://www.yelp.com/biz/the-brewery-bar-and-kitchen-woodside-2?adjust_creative=A57LwVZ5W7txZHbVlG9Tnw&hrid=LLZzNKs4UQjAf-PFqFR5Rg&utm_campaign=yelp_api_v3&utm_medium=api_v3_business_reviews&utm_source=A57LwVZ5W7txZHbVlG9Tnw,On St. Patty's Day we ordered take out and they were buuuuusy.  We called to check the status on our delivery and service was great.  Typically you get an...,5,2021-03-19 13:19:57,"{'id': 'siL7iQi6_IqeNn3PXxoDyw', 'profile_url': 'https://www.yelp.com/user_details?userid=siL7iQi6_IqeNn3PXxoDyw', 'image_url': 'https://s3-media3.fl.yelpcdn.com/photo/EH_YdTazVCqb8DpfMRc-ow/o.jpg', 'name': 'Eva B.'}",P-XnPhzdGbgbMYIcS0cpTA
Yznd0YdNtAL7AQjEYHMM4Q,https://www.yelp.com/biz/the-brewery-bar-and-kitchen-woodside-2?adjust_creative=A57LwVZ5W7txZHbVlG9Tnw&hrid=Yznd0YdNtAL7AQjEYHMM4Q&utm_campaign=yelp_api_v3&utm_medium=api_v3_business_reviews&utm_source=A57LwVZ5W7txZHbVlG9Tnw,"BBK is offering up some of the best brewery/pub style eats in the Queens area, and among the tops I've had in NYC.  My review is only based on...",4,2021-04-08 13:58:43,"{'id': 'h2LtQ1s5X20d0yrdqUMJ0Q', 'profile_url': 'https://www.yelp.com/user_details?userid=h2LtQ1s5X20d0yrdqUMJ0Q', 'image_url': 'https://s3-media2.fl.yelpcdn.com/photo/WQwTuK9RyY5KU-4gqEUGaQ/o.jpg', 'name': 'Christopher M.'}",P-XnPhzdGbgbMYIcS0cpTA
Li0Fw6aYBeUwXuAGFq41DA,https://www.yelp.com/biz/the-brewery-bar-and-kitchen-woodside-2?adjust_creative=A57LwVZ5W7txZHbVlG9Tnw&hrid=Li0Fw6aYBeUwXuAGFq41DA&utm_campaign=yelp_api_v3&utm_medium=api_v3_business_reviews&utm_source=A57LwVZ5W7txZHbVlG9Tnw,"Friendly service, tasty food, good value. Stopped in for lunch at noon on a weekday. They were just opening but sat is right away no issues. Fried fish...",4,2021-11-14 15:28:14,"{'id': 't_O7iyu3Ceqp43hX625qWg', 'profile_url': 'https://www.yelp.com/user_details?userid=t_O7iyu3Ceqp43hX625qWg', 'image_url': 'https://s3-media1.fl.yelpcdn.com/photo/Emqh6A8xiMZHPzldOCHSvw/o.jpg', 'name': 'Jing K.'}",P-XnPhzdGbgbMYIcS0cpTA
p38mlR6eabjGUReRPGkjwQ,https://www.yelp.com/biz/the-pomeroy-astoria?adjust_creative=A57LwVZ5W7txZHbVlG9Tnw&hrid=p38mlR6eabjGUReRPGkjwQ&utm_campaign=yelp_api_v3&utm_medium=api_v3_business_reviews&utm_source=A57LwVZ5W7txZHbVlG9Tnw,I originally went to this restaurant when it first opened and was very dissatisfied. To my understanding there are new owners and it showed. As soon as you...,5,2022-05-27 15:43:52,"{'id': 'z_AaPHYvJ_qc2I61x4q0sg', 'profile_url': 'https://www.yelp.com/user_details?userid=z_AaPHYvJ_qc2I61x4q0sg', 'image_url': 'https://s3-media4.fl.yelpcdn.com/photo/RL2rFaaorwJyQgE8vy9NWQ/o.jpg', 'name': 'Chris A.'}",1ExwosnCMtb7D3SF5ovo6w
Sa3VJIQzEQap170pIAHrjw,https://www.yelp.com/biz/the-pomeroy-astoria?adjust_creative=A57LwVZ5W7txZHbVlG9Tnw&hrid=Sa3VJIQzEQap170pIAHrjw&utm_campaign=yelp_api_v3&utm_medium=api_v3_business_reviews&utm_source=A57LwVZ5W7txZHbVlG9Tnw,"I've been here once and I remember liking the food. However, their prices are ridiculous. It costs more to eat here than at a decent restaurant in...",2,2022-05-31 14:51:36,"{'id': 'Jea1TnihMPgcnm9MMF7zXQ', 'profile_url': 'https://www.yelp.com/user_details?userid=Jea1TnihMPgcnm9MMF7zXQ', 'image_url': 'https://s3-media1.fl.yelpcdn.com/photo/mtYUnreBLcSQpGTaYrwCJg/o.jpg', 'name': ""Ny'ker C.""}",1ExwosnCMtb7D3SF5ovo6w
ejBHJA330ER2gslGdNriVg,https://www.yelp.com/biz/the-pomeroy-astoria?adjust_creative=A57LwVZ5W7txZHbVlG9Tnw&hrid=ejBHJA330ER2gslGdNriVg&utm_campaign=yelp_api_v3&utm_medium=api_v3_business_reviews&utm_source=A57LwVZ5W7txZHbVlG9Tnw,"This is a cute little spot on Ditmars Blvd that I never would have noticed had I not had received an email from Yelp.

 We came here on a Tuesday for $8...",5,2022-05-08 17:08:53,"{'id': 'NIV5oBi-xcFusFCoTLlhHA', 'profile_url': 'https://www.yelp.com/user_details?userid=NIV5oBi-xcFusFCoTLlhHA', 'image_url': 'https://s3-media3.fl.yelpcdn.com/photo/BcOBZP-Fjh1TFbHA4oi0NA/o.jpg', 'name': 'Margaret S.'}",1ExwosnCMtb7D3SF5ovo6w
ypAerlclK_aq-XHtNtsHvA,https://www.yelp.com/biz/palermo-restaurant-and-bar-astoria-2?adjust_creative=A57LwVZ5W7txZHbVlG9Tnw&hrid=ypAerlclK_aq-XHtNtsHvA&utm_campaign=yelp_api_v3&utm_medium=api_v3_business_reviews&utm_source=A57LwVZ5W7txZHbVlG9Tnw,"Very good Italian food, at a reasonable price. The restaurant staff is extremely welcoming and the establishment is extremely clean.",5,2022-04-17 18:44:44,"{'id': 'NaJqv56CYmceCMlwoSBaQw', 'profile_url': 'https://www.yelp.com/user_details?userid=NaJqv56CYmceCMlwoSBaQw', 'image_url': 'https://s3-media1.fl.yelpcdn.com/photo/s-2WSfNj8EwQtqE48IpgFA/o.jpg', 'name': 'Costas G.'}",-0fjWWC2SY6kNxGfD8PKGg
04w3W7MR3JOfAmfXTxYXiA,https://www.yelp.com/biz/palermo-restaurant-and-bar-astoria-2?adjust_creative=A57LwVZ5W7txZHbVlG9Tnw&hrid=04w3W7MR3JOfAmfXTxYXiA&utm_campaign=yelp_api_v3&utm_medium=api_v3_business_reviews&utm_source=A57LwVZ5W7txZHbVlG9Tnw,"We were just turned away. After our server offered menu and seating, a rather rude and unprofessional lady came over and turned us away because we had a...",1,2022-07-22 11:23:35,"{'id': 'AD2abHOyIagBnUR0lrAR5w', 'profile_url': 'https://www.yelp.com/user_details?userid=AD2abHOyIagBnUR0lrAR5w', 'image_url': 'https://s3-media4.fl.yelpcdn.com/photo/C-kgPVnXbLCYQ1wFg9ZXWQ/o.jpg', 'name': 'Butch F.'}",-0fjWWC2SY6kNxGfD8PKGg
M0aPQ6najRpwMYJmN_p75Q,https://www.yelp.com/biz/palermo-restaurant-and-bar-astoria-2?adjust_creative=A57LwVZ5W7txZHbVlG9Tnw&hrid=M0aPQ6najRpwMYJmN_p75Q&utm_campaign=yelp_api_v3&utm_medium=api_v3_business_reviews&utm_source=A57LwVZ5W7txZHbVlG9Tnw,"Palermo surely does have amazing food options ! I've ordered here quite a few times and have been satisfied every single time.  Now, I tend to always order...",3,2022-05-19 19:29:34,"{'id': 'pPooAxk7rqaTa5zg_IMJbg', 'profile_url': 'https://www.yelp.com/user_details?userid=pPooAxk7rqaTa5zg_IMJbg', 'image_url': 'https://s3-media2.fl.yelpcdn.com/photo/Pm_0rSVfeZUOCnx_DIQDmw/o.jpg', 'name': 'Zeni A.'}",-0fjWWC2SY6kNxGfD8PKGg
l1qMavtiySQL3MIQcUCNcA,https://www.yelp.com/biz/osteria-nando-new-york?adjust_creative=A57LwVZ5W7txZHbVlG9Tnw&hrid=l1qMavtiySQL3MIQcUCNcA&utm_campaign=yelp_api_v3&utm_medium=api_v3_business_reviews&utm_source=A57LwVZ5W7txZHbVlG9Tnw,I came here for dinner mainly for the lobster risotto that I saw on their online menu. I was disappointed that they got rid of it and replaced it with...,5,2022-07-22 20:12:31,"{'id': 'CVY_7TdzuF3hMf2qCcSQcQ', 'profile_url': 'https://www.yelp.com/user_details?userid=CVY_7TdzuF3hMf2qCcSQcQ', 'image_url': 'https://s3-media1.fl.yelpcdn.com/photo/W_i4CeyEFhnDAnQ4JKTrUA/o.jpg', 'name': 'Anna K.'}",kzd10IXi3dTjoPw0TDj8tA
XQC5QuYlRESisu5kUwYBlQ,https://www.yelp.com/biz/osteria-nando-new-york?adjust_creative=A57LwVZ5W7txZHbVlG9Tnw&hrid=XQC5QuYlRESisu5kUwYBlQ&utm_campaign=yelp_api_v3&utm_medium=api_v3_business_reviews&utm_source=A57LwVZ5W7txZHbVlG9Tnw,"This may be my new favorite restaurant!

Their menu is an eclectic mix of Italian and French with a touch of Greek (mostly French). The service was really...",4,2022-07-16 10:43:55,"{'id': 'BZZKX1-LuWoruSstXPzanQ', 'profile_url': 'https://www.yelp.com/user_details?userid=BZZKX1-LuWoruSstXPzanQ', 'image_url': 'https://s3-media4.fl.yelpcdn.com/photo/spMRaORhGGpv6S7Hu5FAfQ/o.jpg', 'name': 'Jaimee A.'}",kzd10IXi3dTjoPw0TDj8tA
kXu0PjfK8NppLFCTddxeDg,https://www.yelp.com/biz/osteria-nando-new-york?adjust_creative=A57LwVZ5W7txZHbVlG9Tnw&hrid=kXu0PjfK8NppLFCTddxeDg&utm_campaign=yelp_api_v3&utm_medium=api_v3_business_reviews&utm_source=A57LwVZ5W7txZHbVlG9Tnw,"Wanted a light lunch and probably should have checked the menu dates because I thought the salads were 11 dollars when in reality, it was 16-20...",2,2022-07-11 22:12:50,"{'id': 'L3cyLHcExldeiBO80xpSQA', 'profile_url': 'https://www.yelp.com/user_details?userid=L3cyLHcExldeiBO80xpSQA', 'image_url': 'https://s3-media3.fl.yelpcdn.com/photo/xubNahL0TEbREYfvk7o5qA/o.jpg', 'name': 'Liane H.'}",kzd10IXi3dTjoPw0TDj8tA
0ePuy7g6ImqJjI24GcabZg,https://www.yelp.com/biz/the-beast-next-door-long-island-city-2?adjust_creative=A57LwVZ5W7txZHbVlG9Tnw&hrid=0ePuy7g6ImqJjI24GcabZg&utm_campaign=yelp_api_v3&utm_medium=api_v3_business_reviews&utm_source=A57LwVZ5W7txZHbVlG9Tnw,Solid place for snacks and drinks! They have $1 oysters for happy hour (although they've recently limited it to 6 oysters per person). The oysters aren't...,5,2022-06-26 13:37:21,"{'id': 'Wtwi0BUKkZTHREjPGanjGA', 'profile_url': 'https://www.yelp.com/user_details?userid=Wtwi0BUKkZTHREjPGanjGA', 'image_url': 'https://s3-media2.fl.yelpcdn.com/photo/VpT6TBJmFillQ8YvDWbl7Q/o.jpg', 'name': 'Joy Z.'}",UF9F0A4e7AJHzNPG5zrHUQ
tFtbrtXYspzYGXV3rX819w,https://www.yelp.com/biz/the-beast-next-door-long-island-city-2?adjust_creative=A57LwVZ5W7txZHbVlG9Tnw&hrid=tFtbrtXYspzYGXV3rX819w&utm_campaign=yelp_api_v3&utm_medium=api_v3_business_reviews&utm_source=A57LwVZ5W7txZHbVlG9Tnw,I don't recommend this business. Their snarky responses to reviews are condescending and terrible. It's beneath the owner to treat clients in this manner....,1,2022-06-04 20:06:43,"{'id': '3S8onQcpiNB_HRLkPikoxg', 'profile_url': 'https://www.yelp.com/user_details?userid=3S8onQcpiNB_HRLkPikoxg', 'image_url': 'https://s3-media4.fl.yelpcdn.com/photo/RWAcdxqOp54VhRIGPMLFJQ/o.jpg', 'name': 'Matty M.'}",UF9F0A4e7AJHzNPG5zrHUQ
7JE2nrphkvr_spnAhNUmjw,https://www.yelp.com/biz/the-beast-next-door-long-island-city-2?adjust_creative=A57LwVZ5W7txZHbVlG9Tnw&hrid=7JE2nrphkvr_spnAhNUmjw&utm_campaign=yelp_api_v3&utm_medium=api_v3_business_reviews&utm_source=A57LwVZ5W7txZHbVlG9Tnw,"Server was rude, disrespectful, and made us uncomfortable. I probably won't go back.

My friend just moved to LIC so we decided to check out local...",2,2022-06-04 10:58:21,"{'id': '8Bnif8UznAU4ECkW3lN6SQ', 'profile_url': 'https://www.yelp.com/user_details?userid=8Bnif8UznAU4ECkW3lN6SQ', 'image_url': 'https://s3-media2.fl.yelpcdn.com/photo/zrcljhz3dWalsGnv4TlkgA/o.jpg', 'name': 'Arthur T.'}",UF9F0A4e7AJHzNPG5zrHUQ
KGz6Dpvs7LHg97A7aUIFQg,https://www.yelp.com/biz/villa-restaurant-and-lounge-astoria?adjust_creative=A57LwVZ5W7txZHbVlG9Tnw&hrid=KGz6Dpvs7LHg97A7aUIFQg&utm_campaign=yelp_api_v3&utm_medium=api_v3_business_reviews&utm_source=A57LwVZ5W7txZHbVlG9Tnw,"Usually hate writing reviews, but have to give my thumbs up to a lounge who has good shisha. 
Most places in Astoria are lowkey ghetto and give the whole...",5,2022-01-16 11:31:28,"{'id': 'D7MHf1kdDB4ykvJs_xelCQ', 'profile_url': 'https://www.yelp.com/user_details?userid=D7MHf1kdDB4ykvJs_xelCQ', 'image_url': 'https://s3-media4.fl.yelpcdn.com/photo/HyzaTzq0Elf8mVdFWwzKhg/o.jpg', 'name': 'Abbas M.'}",LBiuVnEqHa-tsmKzMZPfiQ
0znNpznZxfmWyHCyT7jEkQ,https://www.yelp.com/biz/villa-restaurant-and-lounge-astoria?adjust_creative=A57LwVZ5W7txZHbVlG9Tnw&hrid=0znNpznZxfmWyHCyT7jEkQ&utm_campaign=yelp_api_v3&utm_medium=api_v3_business_reviews&utm_source=A57LwVZ5W7txZHbVlG9Tnw,"3 years later, still enjoying the hookah here! It's probably the best spot on Steinway for quality hookah. My favorite flavors to smoke here are Aphrodite +...",5,2019-08-24 17:31:45,"{'id': 'RncKwNBgaXZqzY0QggZwOw', 'profile_url': 'https://www.yelp.com/user_details?userid=RncKwNBgaXZqzY0QggZwOw', 'image_url': 'https://s3-media2.fl.yelpcdn.com/photo/FzIj6oiKpFbX_6tIKo3riQ/o.jpg', 'name': 'Johura M.'}",LBiuVnEqHa-tsmKzMZPfiQ
T5-dVAPWxOHqLoXr_pA3RA,https://www.yelp.com/biz/villa-restaurant-and-lounge-astoria?adjust_creative=A57LwVZ5W7txZHbVlG9Tnw&hrid=T5-dVAPWxOHqLoXr_pA3RA&utm_campaign=yelp_api_v3&utm_medium=api_v3_business_reviews&utm_source=A57LwVZ5W7txZHbVlG9Tnw,Dope spot to smoke hookah on Steinway . There are many spots on the same block but I like this . They have good hookah and great service . I usually order...,5,2018-07-26 20:44:51,"{'id': '1jbs0fY0yJJzlsVzHKo_Iw', 'profile_url': 'https://www.yelp.com/user_details?userid=1jbs0fY0yJJzlsVzHKo_Iw', 'image_url': 'https://s3-media4.fl.yelpcdn.com/photo/Cr7m6WMf0A54HrQxDtEkDA/o.jpg', 'name': 'Sajal B.'}",LBiuVnEqHa-tsmKzMZPfiQ
tfk-Ak3bxoUuFwsqNP0eCw,https://www.yelp.com/biz/hutch-astoria-astoria?adjust_creative=A57LwVZ5W7txZHbVlG9Tnw&hrid=tfk-Ak3bxoUuFwsqNP0eCw&utm_campaign=yelp_api_v3&utm_medium=api_v3_business_reviews&utm_source=A57LwVZ5W7txZHbVlG9Tnw,Quite possibly the best fries I have ever had.  Great cocktails too!!  Hidden gem!  Coming back to try the brunch !,5,2022-06-15 18:25:31,"{'id': 'HAb8tDGrdbZZfGFrpH8R1g', 'profile_url': 'https://www.yelp.com/user_details?userid=HAb8tDGrdbZZfGFrpH8R1g', 'image_url': 'https://s3-media2.fl.yelpcdn.com/photo/vxpqRPt6U1pHCkTTNfl1Vg/o.jpg', 'name': 'Fran M.'}",B9aM47OiOJtoBKOGY3aMQw
27Z-ZbgYpwr3UWE8HX1yXg,https://www.yelp.com/biz/hutch-astoria-astoria?adjust_creative=A57LwVZ5W7txZHbVlG9Tnw&hrid=27Z-ZbgYpwr3UWE8HX1yXg&utm_campaign=yelp_api_v3&utm_medium=api_v3_business_reviews&utm_source=A57LwVZ5W7txZHbVlG9Tnw,We literally stumbled into Hutch Astoria on a Sunday afternoon following Brunch at a nearby spot. I had no clue it was a bar had it not been for the...,5,2022-02-21 06:18:35,"{'id': 'pAcZLDcLI3vwGaRYcgXZOQ', 'profile_url': 'https://www.yelp.com/user_details?userid=pAcZLDcLI3vwGaRYcgXZOQ', 'image_url': 'https://s3-media4.fl.yelpcdn.com/photo/R-Tg_848fZOvn5wxe8GpPw/o.jpg', 'name': 'Susan R.'}",B9aM47OiOJtoBKOGY3aMQw
3z8VBCNtWkgnXw33wdVqFw,https://www.yelp.com/biz/hutch-astoria-astoria?adjust_creative=A57LwVZ5W7txZHbVlG9Tnw&hrid=3z8VBCNtWkgnXw33wdVqFw&utm_campaign=yelp_api_v3&utm_medium=api_v3_business_reviews&utm_source=A57LwVZ5W7txZHbVlG9Tnw,Hey they finally opened! What used to be a Greek men's club is now Hutch! They have a very reasonable priced food menu with solid options. I got the panko...,4,2020-10-31 16:38:40,"{'id': 'T2WZZJMqACUe7LaC28nK7w', 'profile_url': 'https://www.yelp.com/user_details?userid=T2WZZJMqACUe7LaC28nK7w', 'image_url': 'https://s3-media2.fl.yelpcdn.com/photo/ji68ZwBm6WAl-yi4xpekMQ/o.jpg', 'name': 'Brian G.'}",B9aM47OiOJtoBKOGY3aMQw
va9rjTQd9KJnmzWPCAs1Iw,https://www.yelp.com/biz/off-the-hook-raw-bar-and-grill-astoria?adjust_creative=A57LwVZ5W7txZHbVlG9Tnw&hrid=va9rjTQd9KJnmzWPCAs1Iw&utm_campaign=yelp_api_v3&utm_medium=api_v3_business_reviews&utm_source=A57LwVZ5W7txZHbVlG9Tnw,Absolute hidden gem in Astoria. I love their happy hour special. Their classic margaritas and mojitos are really good. So far we tried their warm lobster...,4,2022-06-16 11:20:25,"{'id': '3rY9toE-xnk_FBpAwKK7kw', 'profile_url': 'https://www.yelp.com/user_details?userid=3rY9toE-xnk_FBpAwKK7kw', 'image_url': 'https://s3-media1.fl.yelpcdn.com/photo/VlcE7wnEPza3ulviOsB1ww/o.jpg', 'name': 'Jennifer H.'}",pL7MK_PsDtrKdBm1xLPzkg
nWeN0E042EIPlrtjFKOlcQ,https://www.yelp.com/biz/off-the-hook-raw-bar-and-grill-astoria?adjust_creative=A57LwVZ5W7txZHbVlG9Tnw&hrid=nWeN0E042EIPlrtjFKOlcQ&utm_campaign=yelp_api_v3&utm_medium=api_v3_business_reviews&utm_source=A57LwVZ5W7txZHbVlG9Tnw,"I was really craving seafood. But, I wanted raw and my partner wanted grilled so I needed to Google search a few options. After seeing the positive reviews...",5,2022-03-06 18:25:03,"{'id': 'UZZwjFvwB7hBA0gR_T0olQ', 'profile_url': 'https://www.yelp.com/user_details?userid=UZZwjFvwB7hBA0gR_T0olQ', 'image_url': 'https://s3-media2.fl.yelpcdn.com/photo/OlwuBWsu9cL58ZTS6VWQCA/o.jpg', 'name': 'Alexandria R.'}",pL7MK_PsDtrKdBm1xLPzkg
uDPjTM8p7lASXSg5BXLuGQ,https://www.yelp.com/biz/off-the-hook-raw-bar-and-grill-astoria?adjust_creative=A57LwVZ5W7txZHbVlG9Tnw&hrid=uDPjTM8p7lASXSg5BXLuGQ&utm_campaign=yelp_api_v3&utm_medium=api_v3_business_reviews&utm_source=A57LwVZ5W7txZHbVlG9Tnw,"This is one of my favorite spots to come to, especially in the summer time since they have a very nice patio. The ambiance in this place is very chill and...",5,2022-03-21 15:42:52,"{'id': 'p6L_qpcEqWpvafwzIsYGtA', 'profile_url': 'https://www.yelp.com/user_details?userid=p6L_qpcEqWpvafwzIsYGtA', 'image_url': 'https://s3-media2.fl.yelpcdn.com/photo/CjujwW35u7zMNP6jd1KjiQ/o.jpg', 'name': 'Michelle C.'}",pL7MK_PsDtrKdBm1xLPzkg
IUm_yi92o4Kzga5VzQU15w,https://www.yelp.com/biz/acapulco-sports-bar-and-restaurant-astoria?adjust_creative=A57LwVZ5W7txZHbVlG9Tnw&hrid=IUm_yi92o4Kzga5VzQU15w&utm_campaign=yelp_api_v3&utm_medium=api_v3_business_reviews&utm_source=A57LwVZ5W7txZHbVlG9Tnw,3.5 stars. Acapulco is your typical local hole-in-the-wall joint.  It is situated right next to a Citgo gas station on the corner of 31st Avenue and 43rd...,4,2021-04-12 20:25:07,"{'id': 'WFvsdrR9ANgFyfD9wuWHUQ', 'profile_url': 'https://www.yelp.com/user_details?userid=WFvsdrR9ANgFyfD9wuWHUQ', 'image_url': 'https://s3-media2.fl.yelpcdn.com/photo/5qGeyJ71Dj5Arwh5HZaD_w/o.jpg', 'name': 'Amelia L.'}",ElAv3e3Iw8OnicWwnOzm-A
CBkFljtUZ0kbwt_Fgl-nvw,https://www.yelp.com/biz/acapulco-sports-bar-and-restaurant-astoria?adjust_creative=A57LwVZ5W7txZHbVlG9Tnw&hrid=CBkFljtUZ0kbwt_Fgl-nvw&utm_campaign=yelp_api_v3&utm_medium=api_v3_business_reviews&utm_source=A57LwVZ5W7txZHbVlG9Tnw,I wish I can post this review without stars. This spot is the most lamest shit ever. After all the confusion talking to like 3 different people to set up...,1,2022-02-13 09:23:24,"{'id': 'ZaYVnMDHE50XMUV7sEcv7A', 'profile_url': 'https://www.yelp.com/user_details?userid=ZaYVnMDHE50XMUV7sEcv7A', 'image_url': 'https://s3-media4.fl.yelpcdn.com/photo/UG6NI3yH0eOv2Ei8mi8a9A/o.jpg', 'name': 'Ana M.'}",ElAv3e3Iw8OnicWwnOzm-A
UdafYQcBil7Glt4OHR8yFw,https://www.yelp.com/biz/acapulco-sports-bar-and-restaurant-astoria?adjust_creative=A57LwVZ5W7txZHbVlG9Tnw&hrid=UdafYQcBil7Glt4OHR8yFw&utm_campaign=yelp_api_v3&utm_medium=api_v3_business_reviews&utm_source=A57LwVZ5W7txZHbVlG9Tnw,Dirty hole in the wall.  Took my boyfriend and some friends there and was shocked at how drunk the girl that worked there was.  One of the blonde girls were...,1,2022-02-25 22:02:43,"{'id': 'NImo7g6AtZ1tvtKjGckgmw', 'profile_url': 'https://www.yelp.com/user_details?userid=NImo7g6AtZ1tvtKjGckgmw', 'image_url': 'https://s3-media1.fl.yelpcdn.com/photo/0jBFQQ-KRFgn4B1nRmbNZw/o.jpg', 'name': 'Teresa C.'}",ElAv3e3Iw8OnicWwnOzm-A
2tgs_PyTX5q1BuE6NtHnvg,https://www.yelp.com/biz/ooi-sushi-and-bar-long-island-city?adjust_creative=A57LwVZ5W7txZHbVlG9Tnw&hrid=2tgs_PyTX5q1BuE6NtHnvg&utm_campaign=yelp_api_v3&utm_medium=api_v3_business_reviews&utm_source=A57LwVZ5W7txZHbVlG9Tnw,"The food at ooisushi is fresh and delicious!  I highly recommend the spicy lobster roll, the kani salad, and the Hamachi fish. Great atmosphere, great food.",5,2022-06-11 16:52:45,"{'id': 'YoA9Ahr0nwNqTpOjiEIwrQ', 'profile_url': 'https://www.yelp.com/user_details?userid=YoA9Ahr0nwNqTpOjiEIwrQ', 'image_url': None, 'name': 'Summer X.'}",2_zM-VTPBINeV74yqlho9w
HEernrtgk26YXnvz55Cerg,https://www.yelp.com/biz/ooi-sushi-and-bar-long-island-city?adjust_creative=A57LwVZ5W7txZHbVlG9Tnw&hrid=HEernrtgk26YXnvz55Cerg&utm_campaign=yelp_api_v3&utm_medium=api_v3_business_reviews&utm_source=A57LwVZ5W7txZHbVlG9Tnw,"Awesome foods, service and environment!!! Highly recommend!!

Miso soup was great!

Try the duck buns!!",5,2022-04-26 16:39:23,"{'id': 'HKkUDlj4hlmJcIKzt0RW3w', 'profile_url': 'https://www.yelp.com/user_details?userid=HKkUDlj4hlmJcIKzt0RW3w', 'image_url': 'https://s3-media1.fl.yelpcdn.com/photo/YpJZsd0GDvsbL92BwkQ28g/o.jpg', 'name': 'Maggie H.'}",2_zM-VTPBINeV74yqlho9w
8PPSCAEXT_XjcybxSlWKXw,https://www.yelp.com/biz/ooi-sushi-and-bar-long-island-city?adjust_creative=A57LwVZ5W7txZHbVlG9Tnw&hrid=8PPSCAEXT_XjcybxSlWKXw&utm_campaign=yelp_api_v3&utm_medium=api_v3_business_reviews&utm_source=A57LwVZ5W7txZHbVlG9Tnw,"This post is where NOT TO GO on your long JFK layover. 

Is it super close to my layover Hotel .. yes it is. 
Was it the fishiest tuna I've ever had ... yea...",2,2022-05-31 07:28:46,"{'id': 'bf3goQ10WD2m7uqi_KkLyA', 'profile_url': 'https://www.yelp.com/user_details?userid=bf3goQ10WD2m7uqi_KkLyA', 'image_url': 'https://s3-media2.fl.yelpcdn.com/photo/CfjdOC8j_Dt5nKhBUJfOHA/o.jpg', 'name': 'Lauren C.'}",2_zM-VTPBINeV74yqlho9w
FBGn2aT0lNAkWKXJe7vXJA,https://www.yelp.com/biz/blend-on-the-water-long-island-city?adjust_creative=A57LwVZ5W7txZHbVlG9Tnw&hrid=FBGn2aT0lNAkWKXJe7vXJA&utm_campaign=yelp_api_v3&utm_medium=api_v3_business_reviews&utm_source=A57LwVZ5W7txZHbVlG9Tnw,"First time going to Blend on the water and it did not disappoint. The food was amazing, the view was spectacular and Giselle was very friendly and...",5,2022-06-27 04:31:54,"{'id': 'ywCsvrhH05A2JDkKQzci9g', 'profile_url': 'https://www.yelp.com/user_details?userid=ywCsvrhH05A2JDkKQzci9g', 'image_url': None, 'name': 'Tulio C.'}",Hh9glEE_xDYT_pPUsRPXlA
WsBHUE2BWMxwPude-CBgxg,https://www.yelp.com/biz/blend-on-the-water-long-island-city?adjust_creative=A57LwVZ5W7txZHbVlG9Tnw&hrid=WsBHUE2BWMxwPude-CBgxg&utm_campaign=yelp_api_v3&utm_medium=api_v3_business_reviews&utm_source=A57LwVZ5W7txZHbVlG9Tnw,"Been here a couple times - not bad! 

Has some decent vegan options, and the vibe is moderately fancy, good for a casual date night. Worth sitting outside...",4,2022-07-21 10:21:09,"{'id': 'NoI7Huo-FuggtlxMihborA', 'profile_url': 'https://www.yelp.com/user_details?userid=NoI7Huo-FuggtlxMihborA', 'image_url': 'https://s3-media1.fl.yelpcdn.com/photo/IhKnR_KjP6ukQUaw1nUx-A/o.jpg', 'name': 'Tejas S.'}",Hh9glEE_xDYT_pPUsRPXlA
l3Zad-dL2OU9cPbkE5FuWQ,https://www.yelp.com/biz/blend-on-the-water-long-island-city?adjust_creative=A57LwVZ5W7txZHbVlG9Tnw&hrid=l3Zad-dL2OU9cPbkE5FuWQ&utm_campaign=yelp_api_v3&utm_medium=api_v3_business_reviews&utm_source=A57LwVZ5W7txZHbVlG9Tnw,"I've been coming to Blend on the Water for a few years now. I have to admit I wasn't fully impressed till I went again recently. 
It is a beautiful place...",5,2022-07-19 10:04:06,"{'id': 'q1hpa4boJ9QSUR1slxAtQA', 'profile_url': 'https://www.yelp.com/user_details?userid=q1hpa4boJ9QSUR1slxAtQA', 'image_url': 'https://s3-media2.fl.yelpcdn.com/photo/MDpIzKBVyPzfuHKVHVKqDA/o.jpg', 'name': 'Ashley D.'}",Hh9glEE_xDYT_pPUsRPXlA
9KUBcT_HWiyIE5ySGQt6xg,https://www.yelp.com/biz/3308-eats-n-drinks-astoria?adjust_creative=A57LwVZ5W7txZHbVlG9Tnw&hrid=9KUBcT_HWiyIE5ySGQt6xg&utm_campaign=yelp_api_v3&utm_medium=api_v3_business_reviews&utm_source=A57LwVZ5W7txZHbVlG9Tnw,Stopped in for happy hour -- $1 oysters and spacious bar. They also have a DJ Thursday - Saturday. I would come back for a bite and a drink.,4,2022-07-01 06:16:11,"{'id': 'HXcSUeaj2KzHUkY_67qQyA', 'profile_url': 'https://www.yelp.com/user_details?userid=HXcSUeaj2KzHUkY_67qQyA', 'image_url': 'https://s3-media4.fl.yelpcdn.com/photo/pIkWaf5fSg_xtyraGicH-Q/o.jpg', 'name': 'Chris K.'}",ydWmJqho-8-8Nj1MVYliBg
dHICtCbeXUjzgexG4jTgmw,https://www.yelp.com/biz/3308-eats-n-drinks-astoria?adjust_creative=A57LwVZ5W7txZHbVlG9Tnw&hrid=dHICtCbeXUjzgexG4jTgmw&utm_campaign=yelp_api_v3&utm_medium=api_v3_business_reviews&utm_source=A57LwVZ5W7txZHbVlG9Tnw,"Good HH spot they had $1 oysters and drinks were about $10 during HH. We got there around 6pm, music was rather loud considering most patrons were just...",3,2022-07-04 10:06:22,"{'id': 'aWJhNTKGquuV7W0DHmpzFw', 'profile_url': 'https://www.yelp.com/user_details?userid=aWJhNTKGquuV7W0DHmpzFw', 'image_url': 'https://s3-media2.fl.yelpcdn.com/photo/xJ32S7dYMK3_EDObTiaBrQ/o.jpg', 'name': 'Marcelle M.'}",ydWmJqho-8-8Nj1MVYliBg
uB8a5qtBCrrW6YdXWO__Jw,https://www.yelp.com/biz/3308-eats-n-drinks-astoria?adjust_creative=A57LwVZ5W7txZHbVlG9Tnw&hrid=uB8a5qtBCrrW6YdXWO__Jw&utm_campaign=yelp_api_v3&utm_medium=api_v3_business_reviews&utm_source=A57LwVZ5W7txZHbVlG9Tnw,"- great wings
- friendly service
- variety of beers",5,2021-11-03 20:20:46,"{'id': 'y94FS7iXvZp9QISUc0F__Q', 'profile_url': 'https://www.yelp.com/user_details?userid=y94FS7iXvZp9QISUc0F__Q', 'image_url': 'https://s3-media2.fl.yelpcdn.com/photo/On6lYvi68lxjEBTNoHyyLQ/o.jpg', 'name': 'renje g.'}",ydWmJqho-8-8Nj1MVYliBg
FLNM_4lXgbq0KPO44qbcew,https://www.yelp.com/biz/tacuba-astoria?adjust_creative=A57LwVZ5W7txZHbVlG9Tnw&hrid=FLNM_4lXgbq0KPO44qbcew&utm_campaign=yelp_api_v3&utm_medium=api_v3_business_reviews&utm_source=A57LwVZ5W7txZHbVlG9Tnw,If you're looking for a fantastic place to have amazing food and great dessert don't go any further than Tacuba. This is one of these places that no matter...,5,2022-03-26 10:56:07,"{'id': 'Hvjw1RNXLrN5b3qZuIW3Bw', 'profile_url': 'https://www.yelp.com/user_details?userid=Hvjw1RNXLrN5b3qZuIW3Bw', 'image_url': 'https://s3-media2.fl.yelpcdn.com/photo/AwkoZWrYxSoyJesCiijhtA/o.jpg', 'name': 'Cee C.'}",EHUNrnIgnhwTnpOm3gEESg
lOCBpK5kw9KARp2QBseUog,https://www.yelp.com/biz/tacuba-astoria?adjust_creative=A57LwVZ5W7txZHbVlG9Tnw&hrid=lOCBpK5kw9KARp2QBseUog&utm_campaign=yelp_api_v3&utm_medium=api_v3_business_reviews&utm_source=A57LwVZ5W7txZHbVlG9Tnw,I so wanted to love Tacuba but I can't go any more than three stars. The Birria tacos were good but everything else was a miss especially the Margaritas....,3,2022-03-05 11:12:32,"{'id': '5jlydBxYlYo7-A7AIMdBtQ', 'profile_url': 'https://www.yelp.com/user_details?userid=5jlydBxYlYo7-A7AIMdBtQ', 'image_url': 'https://s3-media3.fl.yelpcdn.com/photo/5M9GhFW8Rrce4_tkvDzYpw/o.jpg', 'name': 'R.B. D.'}",EHUNrnIgnhwTnpOm3gEESg
i44LVlFZEGMfocdc_fw5bg,https://www.yelp.com/biz/tacuba-astoria?adjust_creative=A57LwVZ5W7txZHbVlG9Tnw&hrid=i44LVlFZEGMfocdc_fw5bg&utm_campaign=yelp_api_v3&utm_medium=api_v3_business_reviews&utm_source=A57LwVZ5W7txZHbVlG9Tnw,Pretty spacious and nice place! Service was great. They do have pitcher options for their margaritas which isn't on their menu. $60 for about 7-8 margaritas...,4,2022-07-12 08:12:45,"{'id': 'vxgZv1fwOQkDX5pWq2AFsw', 'profile_url': 'https://www.yelp.com/user_details?userid=vxgZv1fwOQkDX5pWq2AFsw', 'image_url': 'https://s3-media1.fl.yelpcdn.com/photo/yJLBgByqiOdk358j77znlQ/o.jpg', 'name': 'David G.'}",EHUNrnIgnhwTnpOm3gEESg
ni9IZZIvgXSKh6L6jV9ubw,https://www.yelp.com/biz/sama-street-brooklyn-2?adjust_creative=A57LwVZ5W7txZHbVlG9Tnw&hrid=ni9IZZIvgXSKh6L6jV9ubw&utm_campaign=yelp_api_v3&utm_medium=api_v3_business_reviews&utm_source=A57LwVZ5W7txZHbVlG9Tnw,"Favorite drinks to get:
1. Major Tom 
2. 7 long years 
3. Long Kiss Goodnight
4. Same Same But Different 

Favorite food items:
1. Pork ribs 
2. Baby bok...",5,2022-06-07 11:34:50,"{'id': 'bLaBb2ZjQGwW4CjuZsRp0A', 'profile_url': 'https://www.yelp.com/user_details?userid=bLaBb2ZjQGwW4CjuZsRp0A', 'image_url': 'https://s3-media1.fl.yelpcdn.com/photo/1uqaodgiH9WCFvCKLNZY1A/o.jpg', 'name': 'Rishi R.'}",Swjm9no7DRqhThLlf0EHng
Od0yKudx2nYRa7y5R8Bbug,https://www.yelp.com/biz/sama-street-brooklyn-2?adjust_creative=A57LwVZ5W7txZHbVlG9Tnw&hrid=Od0yKudx2nYRa7y5R8Bbug&utm_campaign=yelp_api_v3&utm_medium=api_v3_business_reviews&utm_source=A57LwVZ5W7txZHbVlG9Tnw,"We came upon this bar after an early dinner on a Saturday and was lucky enough to grab a table for 45 minutes! 

They have outdoor seating available as...",5,2022-06-02 19:01:53,"{'id': 'wzXGteSorUb1xCS9V_q3zQ', 'profile_url': 'https://www.yelp.com/user_details?userid=wzXGteSorUb1xCS9V_q3zQ', 'image_url': 'https://s3-media1.fl.yelpcdn.com/photo/Zp3YlZZ1gZlQB65PFrNBog/o.jpg', 'name': 'Jenni W.'}",Swjm9no7DRqhThLlf0EHng
ef5CDCotlwcFD2s38ypl8Q,https://www.yelp.com/biz/sama-street-brooklyn-2?adjust_creative=A57LwVZ5W7txZHbVlG9Tnw&hrid=ef5CDCotlwcFD2s38ypl8Q&utm_campaign=yelp_api_v3&utm_medium=api_v3_business_reviews&utm_source=A57LwVZ5W7txZHbVlG9Tnw,"I came here on a recommendation from a friend, who said this was some of the best Asian fusion food he had had and that the drinks were superb. I think the...",4,2022-04-20 11:10:53,"{'id': 'QHPEj7DGRfQjHk-7QN7gjQ', 'profile_url': 'https://www.yelp.com/user_details?userid=QHPEj7DGRfQjHk-7QN7gjQ', 'image_url': 'https://s3-media3.fl.yelpcdn.com/photo/miIKLtcOB9X0cifMLSPYdQ/o.jpg', 'name': 'Manan D.'}",Swjm9no7DRqhThLlf0EHng
XDXf2VMJCpLh2eVj3L4wBQ,https://www.yelp.com/biz/vista-sky-lounge-long-island-city?adjust_creative=A57LwVZ5W7txZHbVlG9Tnw&hrid=XDXf2VMJCpLh2eVj3L4wBQ&utm_campaign=yelp_api_v3&utm_medium=api_v3_business_reviews&utm_source=A57LwVZ5W7txZHbVlG9Tnw,"Since moving back local, we've been hitting rooftop bars in NYC, LIC and Brooklyn. 

They are all great (Panorama for the views!!) but this is the only one...",5,2022-07-18 05:42:21,"{'id': 'RgC5s2-NEBv3O3ZvTspjCw', 'profile_url': 'https://www.yelp.com/user_details?userid=RgC5s2-NEBv3O3ZvTspjCw', 'image_url': 'https://s3-media3.fl.yelpcdn.com/photo/INSg6Wztdq85x0hyawqbQA/o.jpg', 'name': 'George P.'}",QCRpLBLWl2IN3htaJeu2Xw
j552LPAzHgB1b-O_hC4WUw,https://www.yelp.com/biz/vista-sky-lounge-long-island-city?adjust_creative=A57LwVZ5W7txZHbVlG9Tnw&hrid=j552LPAzHgB1b-O_hC4WUw&utm_campaign=yelp_api_v3&utm_medium=api_v3_business_reviews&utm_source=A57LwVZ5W7txZHbVlG9Tnw,"So me and my girlfriend decided to check this place out since it's in Queens, not really a far drive and most importantly it's a rooftop bar. 

We came here...",1,2022-06-28 17:59:29,"{'id': 'RRbJNmiHCoblxjvrfmjnHw', 'profile_url': 'https://www.yelp.com/user_details?userid=RRbJNmiHCoblxjvrfmjnHw', 'image_url': 'https://s3-media2.fl.yelpcdn.com/photo/zRfa6tnbHgh6J1iPLYYESA/o.jpg', 'name': 'Lukasz O.'}",QCRpLBLWl2IN3htaJeu2Xw
cbjaHT4FG0yJ7eNASBkG7Q,https://www.yelp.com/biz/vista-sky-lounge-long-island-city?adjust_creative=A57LwVZ5W7txZHbVlG9Tnw&hrid=cbjaHT4FG0yJ7eNASBkG7Q&utm_campaign=yelp_api_v3&utm_medium=api_v3_business_reviews&utm_source=A57LwVZ5W7txZHbVlG9Tnw,"Sunset will be a good time to go to this lounge. It is very busy. Service is good, servers are nice. View is amazing. You need to make reservations but...",4,2022-06-11 20:14:33,"{'id': 'aAqcpcHfT3lr9NNcLPee7Q', 'profile_url': 'https://www.yelp.com/user_details?userid=aAqcpcHfT3lr9NNcLPee7Q', 'image_url': 'https://s3-media1.fl.yelpcdn.com/photo/xhjAilcTA-kcH0D4Vwucug/o.jpg', 'name': 'Olee L.'}",QCRpLBLWl2IN3htaJeu2Xw
9z-9HPA19xxQUo1_6pmf1w,https://www.yelp.com/biz/ziggle-tofu-and-grill-long-island-city?adjust_creative=A57LwVZ5W7txZHbVlG9Tnw&hrid=9z-9HPA19xxQUo1_6pmf1w&utm_campaign=yelp_api_v3&utm_medium=api_v3_business_reviews&utm_source=A57LwVZ5W7txZHbVlG9Tnw,"I had dinner here on a weeknight and it was surprisingly busy. The experience was great, the food is authentic yet the setting like plates and bowls give it...",5,2022-07-22 19:08:56,"{'id': 'U01RNLP6QisJ0ljWm0nQTQ', 'profile_url': 'https://www.yelp.com/user_details?userid=U01RNLP6QisJ0ljWm0nQTQ', 'image_url': 'https://s3-media2.fl.yelpcdn.com/photo/B02qZlxDJIGB280KFoSo-A/o.jpg', 'name': 'Brian L.'}",gj6zDB5krFzL90qdmpYVTQ
zUhJ0G-vXyyRLj14TpHLew,https://www.yelp.com/biz/ziggle-tofu-and-grill-long-island-city?adjust_creative=A57LwVZ5W7txZHbVlG9Tnw&hrid=zUhJ0G-vXyyRLj14TpHLew&utm_campaign=yelp_api_v3&utm_medium=api_v3_business_reviews&utm_source=A57LwVZ5W7txZHbVlG9Tnw,"Try their shaved ice dessert - it is amazing! We got the mango one which is new and wow the shaved ice is super fine and just melts in your mouth.

The...",5,2022-07-09 11:52:16,"{'id': '7RLagnAePAtvq6KMmXjrQQ', 'profile_url': 'https://www.yelp.com/user_details?userid=7RLagnAePAtvq6KMmXjrQQ', 'image_url': 'https://s3-media2.fl.yelpcdn.com/photo/VN-xzci7V5x9h4i2uSTDfQ/o.jpg', 'name': 'Huiwen S.'}",gj6zDB5krFzL90qdmpYVTQ
mkN28qkGW14zZqoi85_sQA,https://www.yelp.com/biz/ziggle-tofu-and-grill-long-island-city?adjust_creative=A57LwVZ5W7txZHbVlG9Tnw&hrid=mkN28qkGW14zZqoi85_sQA&utm_campaign=yelp_api_v3&utm_medium=api_v3_business_reviews&utm_source=A57LwVZ5W7txZHbVlG9Tnw,"No frills, Korean eatery.
I arrived with a friend an hour before closing since we were trolling the area for places to eat on a weeknight and everything...",5,2022-07-01 09:54:09,"{'id': 'PF9oCTHIz-E0LYgkQpzDUQ', 'profile_url': 'https://www.yelp.com/user_details?userid=PF9oCTHIz-E0LYgkQpzDUQ', 'image_url': 'https://s3-media3.fl.yelpcdn.com/photo/dMXY1aP7PiViDChXc_ZCgw/o.jpg', 'name': 'Pam W.'}",gj6zDB5krFzL90qdmpYVTQ
hv9rt6QZ_FHbYHraKU2IeA,https://www.yelp.com/biz/uva-new-york?adjust_creative=A57LwVZ5W7txZHbVlG9Tnw&hrid=hv9rt6QZ_FHbYHraKU2IeA&utm_campaign=yelp_api_v3&utm_medium=api_v3_business_reviews&utm_source=A57LwVZ5W7txZHbVlG9Tnw,"My boyfriend and I came here on date night, and it was a great dinner!

We each started with a drink, he got a beer and I got a cocktail. They had a lot to...",5,2022-06-22 13:38:59,"{'id': 'DRu0-qcRbwoQEiouhIcFww', 'profile_url': 'https://www.yelp.com/user_details?userid=DRu0-qcRbwoQEiouhIcFww', 'image_url': 'https://s3-media3.fl.yelpcdn.com/photo/hARlmf7iIPgnr2c97tZQ_w/o.jpg', 'name': 'Caroline S.'}",OAqsZMbjv66nOMqlimnYuQ
4ThblfiXvY3SN8hZPVD1Fw,https://www.yelp.com/biz/uva-new-york?adjust_creative=A57LwVZ5W7txZHbVlG9Tnw&hrid=4ThblfiXvY3SN8hZPVD1Fw&utm_campaign=yelp_api_v3&utm_medium=api_v3_business_reviews&utm_source=A57LwVZ5W7txZHbVlG9Tnw,"My wife and I have been going to UVA for awhile and we love it. 
My wife noticed they have a new hostess (Yaren) and she is sooooo super friendly and polite...",5,2022-07-02 11:02:04,"{'id': 'pnFNnHyzhN5WZ2HFZwDTpg', 'profile_url': 'https://www.yelp.com/user_details?userid=pnFNnHyzhN5WZ2HFZwDTpg', 'image_url': 'https://s3-media3.fl.yelpcdn.com/photo/HIHJVcnCbKa9WFYZWYruEA/o.jpg', 'name': 'Charles S.'}",OAqsZMbjv66nOMqlimnYuQ
YUCxzmMVlQ1uvzMurcX1FA,https://www.yelp.com/biz/uva-new-york?adjust_creative=A57LwVZ5W7txZHbVlG9Tnw&hrid=YUCxzmMVlQ1uvzMurcX1FA&utm_campaign=yelp_api_v3&utm_medium=api_v3_business_reviews&utm_source=A57LwVZ5W7txZHbVlG9Tnw,"Food 8/10
Solid traditional pasta, a very local spot on the UES. The gnocchi was fluffy and chewy at the same time, super filling I couldn't finish it....",4,2022-07-23 07:38:08,"{'id': 'C-i6LkYdVA-Sug0tWpWCWg', 'profile_url': 'https://www.yelp.com/user_details?userid=C-i6LkYdVA-Sug0tWpWCWg', 'image_url': 'https://s3-media1.fl.yelpcdn.com/photo/1kDO6-PgDF7E0tNKv70T2Q/o.jpg', 'name': 'Victoria G.'}",OAqsZMbjv66nOMqlimnYuQ
YwGFtKiSorreCQwhVxmPag,https://www.yelp.com/biz/pig-beach-bbq-queens-astoria?adjust_creative=A57LwVZ5W7txZHbVlG9Tnw&hrid=YwGFtKiSorreCQwhVxmPag&utm_campaign=yelp_api_v3&utm_medium=api_v3_business_reviews&utm_source=A57LwVZ5W7txZHbVlG9Tnw,"Came here for a celebration and it was a great experience

Pros:
- So much room, indoors (great option if you want to avoid the Yellowjacket's outside) and...",4,2022-07-18 05:49:13,"{'id': 'hgek71vAodJoBvYFnICwHg', 'profile_url': 'https://www.yelp.com/user_details?userid=hgek71vAodJoBvYFnICwHg', 'image_url': 'https://s3-media1.fl.yelpcdn.com/photo/wHMMCgWEomv4SgvZ7qjC4w/o.jpg', 'name': 'Mandy L.'}",X-fUyfwKJKXRoImLvs_omg
tGWBMs8VoAIEEMGnAezvhA,https://www.yelp.com/biz/pig-beach-bbq-queens-astoria?adjust_creative=A57LwVZ5W7txZHbVlG9Tnw&hrid=tGWBMs8VoAIEEMGnAezvhA&utm_campaign=yelp_api_v3&utm_medium=api_v3_business_reviews&utm_source=A57LwVZ5W7txZHbVlG9Tnw,"I've had this spot on my list for a little while and decided to order delivered. A friend and i ordered a large fry, collard greens, BBQ Jackfruit sandwich,...",3,2022-07-13 09:04:56,"{'id': 'aVoIhTlHIkUaWFxr1gYQ4w', 'profile_url': 'https://www.yelp.com/user_details?userid=aVoIhTlHIkUaWFxr1gYQ4w', 'image_url': 'https://s3-media1.fl.yelpcdn.com/photo/j9uxFgPmelFPrn0qhXYLpQ/o.jpg', 'name': 'Julian S.'}",X-fUyfwKJKXRoImLvs_omg
1y1JHBU02C71TDq54XfX0Q,https://www.yelp.com/biz/pig-beach-bbq-queens-astoria?adjust_creative=A57LwVZ5W7txZHbVlG9Tnw&hrid=1y1JHBU02C71TDq54XfX0Q&utm_campaign=yelp_api_v3&utm_medium=api_v3_business_reviews&utm_source=A57LwVZ5W7txZHbVlG9Tnw,"Loved the big open space since it used to be the old Studio Square but honestly the food left me feeling underwhelmed and to make it worse, it found it to...",3,2022-06-22 13:15:37,"{'id': 'Y_iTTjKvV5hLy-880SZzlA', 'profile_url': 'https://www.yelp.com/user_details?userid=Y_iTTjKvV5hLy-880SZzlA', 'image_url': 'https://s3-media2.fl.yelpcdn.com/photo/lxz6WC8A5812NTbzCEY7dw/o.jpg', 'name': 'Ben L.'}",X-fUyfwKJKXRoImLvs_omg
TuLdIqUjrVJm3x0o7aroqQ,https://www.yelp.com/biz/the-bar-room-new-york?adjust_creative=A57LwVZ5W7txZHbVlG9Tnw&hrid=TuLdIqUjrVJm3x0o7aroqQ&utm_campaign=yelp_api_v3&utm_medium=api_v3_business_reviews&utm_source=A57LwVZ5W7txZHbVlG9Tnw,"I came to The Bar Room while staying at a nearby hotel. When I walked in, there was sort of a dark, almost British bar vibe, but as you walk further back,...",4,2022-06-19 15:49:35,"{'id': 'oNUm9MGCLUwWhpJQPJL0-A', 'profile_url': 'https://www.yelp.com/user_details?userid=oNUm9MGCLUwWhpJQPJL0-A', 'image_url': 'https://s3-media2.fl.yelpcdn.com/photo/uTYviGB1EI_ZSZZ4F95V1A/o.jpg', 'name': 'Willie R.'}",MyQV4i518ZO4CLudtR8gLA
43_W56wzwmQeK6ltaHeeIg,https://www.yelp.com/biz/the-bar-room-new-york?adjust_creative=A57LwVZ5W7txZHbVlG9Tnw&hrid=43_W56wzwmQeK6ltaHeeIg&utm_campaign=yelp_api_v3&utm_medium=api_v3_business_reviews&utm_source=A57LwVZ5W7txZHbVlG9Tnw,"Average. I came here just for drinks with a group of girl friends. The drinks were basic fare, overpriced, and pretty average. The average drink was $16-17,...",3,2022-06-23 23:06:30,"{'id': 'JRM4NWczj22UGJcvM4tAaw', 'profile_url': 'https://www.yelp.com/user_details?userid=JRM4NWczj22UGJcvM4tAaw', 'image_url': 'https://s3-media1.fl.yelpcdn.com/photo/VRDxrWdW6AHymWuqpI6Ovg/o.jpg', 'name': 'Frances E.'}",MyQV4i518ZO4CLudtR8gLA
6Hf4Nim_jwAomQdhEDYQVA,https://www.yelp.com/biz/the-bar-room-new-york?adjust_creative=A57LwVZ5W7txZHbVlG9Tnw&hrid=6Hf4Nim_jwAomQdhEDYQVA&utm_campaign=yelp_api_v3&utm_medium=api_v3_business_reviews&utm_source=A57LwVZ5W7txZHbVlG9Tnw,"I came to the Bar Room for a happy hour on a Saturday apres Central Park sledding. Although the menu is your typical bar food, I was impressed with the...",4,2022-03-29 18:16:58,"{'id': '1bSo9vqRaZnl1mwsoZJP5g', 'profile_url': 'https://www.yelp.com/user_details?userid=1bSo9vqRaZnl1mwsoZJP5g', 'image_url': 'https://s3-media4.fl.yelpcdn.com/photo/Zzg4huB6ilN0h7lGNcfPUg/o.jpg', 'name': 'Liz S.'}",MyQV4i518ZO4CLudtR8gLA
wE68dpUbpwgAXz4tf_dW4A,https://www.yelp.com/biz/vesta-astoria?adjust_creative=A57LwVZ5W7txZHbVlG9Tnw&hrid=wE68dpUbpwgAXz4tf_dW4A&utm_campaign=yelp_api_v3&utm_medium=api_v3_business_reviews&utm_source=A57LwVZ5W7txZHbVlG9Tnw,Well above average food but had to wait for almost an hour for the kitchen to prepare it. Likely the first and last time we visit.,3,2022-06-19 20:31:47,"{'id': 'VqfpGgG9WjL7-invXDdH6g', 'profile_url': 'https://www.yelp.com/user_details?userid=VqfpGgG9WjL7-invXDdH6g', 'image_url': None, 'name': 'Jonathan J.'}",WEhkGLKlj-5X1pq_07Syaw
olW1d_OZPc2oUJtBpr0Lcw,https://www.yelp.com/biz/vesta-astoria?adjust_creative=A57LwVZ5W7txZHbVlG9Tnw&hrid=olW1d_OZPc2oUJtBpr0Lcw&utm_campaign=yelp_api_v3&utm_medium=api_v3_business_reviews&utm_source=A57LwVZ5W7txZHbVlG9Tnw,"Amazing Trattoria and Wine Bar in Astoria
I came here last Sunday with a FB friend. We ordered the Apple & Pancetta and Salsiccia. Boy, these pizzas were so...",5,2022-07-14 05:03:51,"{'id': 'Lh7KVMJ8MMf6DK77eP-Q_g', 'profile_url': 'https://www.yelp.com/user_details?userid=Lh7KVMJ8MMf6DK77eP-Q_g', 'image_url': 'https://s3-media1.fl.yelpcdn.com/photo/ugehvI8WYoSRbS1Hklejbg/o.jpg', 'name': 'Neil H.'}",WEhkGLKlj-5X1pq_07Syaw
Y9uH3PbZa8sAbj0rgASvJQ,https://www.yelp.com/biz/vesta-astoria?adjust_creative=A57LwVZ5W7txZHbVlG9Tnw&hrid=Y9uH3PbZa8sAbj0rgASvJQ&utm_campaign=yelp_api_v3&utm_medium=api_v3_business_reviews&utm_source=A57LwVZ5W7txZHbVlG9Tnw,"Nice neighborhood spot. Came for brunch and had a great experience.

I started with a hot coffee, then my boyfriend and I shared the winter mixed greens and...",4,2022-03-24 06:12:07,"{'id': 'HVQKFDi-vZbawtmLMq3ZOw', 'profile_url': 'https://www.yelp.com/user_details?userid=HVQKFDi-vZbawtmLMq3ZOw', 'image_url': 'https://s3-media3.fl.yelpcdn.com/photo/hR3klUhVTFCrNjnUhYb2hA/o.jpg', 'name': 'Gab G.'}",WEhkGLKlj-5X1pq_07Syaw
MThn1on0LwHvjIoPyKOBfw,https://www.yelp.com/biz/taco-tumba-astoria?adjust_creative=A57LwVZ5W7txZHbVlG9Tnw&hrid=MThn1on0LwHvjIoPyKOBfw&utm_campaign=yelp_api_v3&utm_medium=api_v3_business_reviews&utm_source=A57LwVZ5W7txZHbVlG9Tnw,"I visited Taco Tumba last night for my friend's birthday and I LOVED it here!

The bartenders were friendly and welcoming (they were also all gorgeous). I...",5,2022-07-13 07:16:30,"{'id': 'Yp8wVKuFxJermr2yy6cV8g', 'profile_url': 'https://www.yelp.com/user_details?userid=Yp8wVKuFxJermr2yy6cV8g', 'image_url': 'https://s3-media1.fl.yelpcdn.com/photo/vZ4k1zc_Yty9ldeBr2Q7hg/o.jpg', 'name': 'Lisa T.'}",5PIEHs-0Jv-tS8bjDrypew
SjARlWqpZrn2A3uTNYV3LA,https://www.yelp.com/biz/taco-tumba-astoria?adjust_creative=A57LwVZ5W7txZHbVlG9Tnw&hrid=SjARlWqpZrn2A3uTNYV3LA&utm_campaign=yelp_api_v3&utm_medium=api_v3_business_reviews&utm_source=A57LwVZ5W7txZHbVlG9Tnw,"So perf!

Hey Yelpers!

Honestly,

K found this place off tiktok n insta so I was hesitant... but loved every minute here. Showed up for a 5:15 res and left...",5,2022-07-12 17:50:25,"{'id': 'Hd6r_o5dUsMJHtJPi9CxmA', 'profile_url': 'https://www.yelp.com/user_details?userid=Hd6r_o5dUsMJHtJPi9CxmA', 'image_url': 'https://s3-media1.fl.yelpcdn.com/photo/Zk9TTXi3gdYTPLYKo2bEjA/o.jpg', 'name': 'Christian V.'}",5PIEHs-0Jv-tS8bjDrypew
MI-1EdXO7fm0_FveYddtNA,https://www.yelp.com/biz/taco-tumba-astoria?adjust_creative=A57LwVZ5W7txZHbVlG9Tnw&hrid=MI-1EdXO7fm0_FveYddtNA&utm_campaign=yelp_api_v3&utm_medium=api_v3_business_reviews&utm_source=A57LwVZ5W7txZHbVlG9Tnw,"I was so excited to come here after I attended the Yelp Elite event last week! I was raving to my friend about it so we decided to grab dinner!
We ordered...",2,2022-05-20 08:38:21,"{'id': 'UgmEv9x7aKOrSuesgpy-pQ', 'profile_url': 'https://www.yelp.com/user_details?userid=UgmEv9x7aKOrSuesgpy-pQ', 'image_url': 'https://s3-media3.fl.yelpcdn.com/photo/qaWKhaWkTOnV5wucUDbupA/o.jpg', 'name': 'Angela G.'}",5PIEHs-0Jv-tS8bjDrypew
